Date;Repo Rate
01/31/23;7
01/30/23;7
01/27/23;7
01/26/23;7
01/25/23;7
01/24/23;7
01/23/23;7
01/20/23;7
01/19/23;7
01/18/23;7
01/17/23;7
01/16/23;7
01/13/23;7
01/12/23;7
01/11/23;7
01/10/23;7
01/09/23;7
01/06/23;7
01/05/23;7
01/04/23;7
01/03/23;7
01/02/23;7
12/30/22;7
12/29/22;7
12/28/22;7
12/27/22;7
12/23/22;7
12/22/22;7
12/21/22;7
12/20/22;7
12/19/22;7
12/16/22;7
12/15/22;7
12/14/22;7
12/13/22;7
12/12/22;7
12/09/22;7
12/08/22;7
12/07/22;7
12/06/22;7
12/05/22;7
12/02/22;7
12/01/22;7
11/30/22;7
11/29/22;7
11/28/22;7
11/25/22;7
11/24/22;7
11/23/22;7
11/22/22;7
11/21/22;7
11/18/22;7
11/16/22;7
11/15/22;7
11/14/22;7
11/11/22;7
11/10/22;7
11/09/22;7
11/08/22;7
11/07/22;7
11/04/22;7
11/03/22;7
11/02/22;7
11/01/22;7
10/31/22;7
10/27/22;7
10/26/22;7
10/25/22;7
10/24/22;7
10/21/22;7
10/20/22;7
10/19/22;7
10/18/22;7
10/17/22;7
10/14/22;7
10/13/22;7
10/12/22;7
10/11/22;7
10/10/22;7
10/07/22;7
10/06/22;7
10/05/22;7
10/04/22;7
10/03/22;7
09/30/22;7
09/29/22;7
09/27/22;7
09/26/22;7
09/23/22;7
09/22/22;7
09/21/22;7
09/20/22;7
09/19/22;7
09/16/22;7
09/15/22;7
09/14/22;7
09/13/22;7
09/12/22;7
09/09/22;7
09/08/22;7
09/07/22;7
09/06/22;7
09/05/22;7
09/02/22;7
09/01/22;7
08/31/22;7
08/30/22;7
08/29/22;7
08/26/22;7
08/25/22;7
08/24/22;7
08/23/22;7
08/22/22;7
08/19/22;7
08/18/22;7
08/17/22;7
08/16/22;7
08/15/22;7
08/12/22;7
08/11/22;7
08/10/22;7
08/09/22;7
08/08/22;7
08/05/22;7
08/04/22;7
08/03/22;7
08/02/22;7
08/01/22;7
07/29/22;7
07/28/22;7
07/27/22;7
07/26/22;7
07/25/22;7
07/22/22;7
07/21/22;7
07/20/22;7
07/19/22;7
07/18/22;7
07/15/22;7
07/14/22;7
07/13/22;7
07/12/22;7
07/11/22;7
07/08/22;7
07/07/22;7
07/04/22;7
07/01/22;7
06/30/22;7
06/29/22;7
06/28/22;7
06/27/22;7
06/24/22;7
06/23/22;7
06/22/22;5.75
06/21/22;5.75
06/20/22;5.75
06/17/22;5.75
06/16/22;5.75
06/15/22;5.75
06/14/22;5.75
06/13/22;5.75
06/10/22;5.75
06/09/22;5.75
06/08/22;5.75
06/07/22;5.75
06/06/22;5.75
06/03/22;5.75
06/02/22;5.75
06/01/22;5.75
05/31/22;5.75
05/30/22;5.75
05/27/22;5.75
05/26/22;5.75
05/25/22;5.75
05/24/22;5.75
05/23/22;5.75
05/20/22;5.75
05/19/22;5.75
05/18/22;5.75
05/17/22;5.75
05/16/22;5.75
05/13/22;5.75
05/12/22;5.75
05/11/22;5.75
05/10/22;5.75
05/09/22;5.75
05/06/22;5.75
05/05/22;5
05/04/22;5
05/03/22;5
05/02/22;5
04/29/22;5
04/28/22;5
04/27/22;5
04/26/22;5
04/25/22;5
04/22/22;5
04/21/22;5
04/20/22;5
04/19/22;5
04/14/22;5
04/13/22;5
04/12/22;5
04/11/22;5
04/08/22;5
04/07/22;5
04/06/22;5
04/05/22;5
04/04/22;5
04/01/22;5
03/31/22;4.5
03/30/22;4.5
03/29/22;4.5
03/28/22;4.5
03/25/22;4.5
03/24/22;4.5
03/23/22;4.5
03/22/22;4.5
03/21/22;4.5
03/18/22;4.5
03/17/22;4.5
03/16/22;4.5
03/15/22;4.5
03/14/22;4.5
03/11/22;4.5
03/10/22;4.5
03/09/22;4.5
03/08/22;4.5
03/07/22;4.5
03/04/22;4.5
03/03/22;4.5
03/02/22;4.5
03/01/22;4.5
02/28/22;4.5
02/25/22;4.5
02/24/22;4.5
02/23/22;4.5
02/22/22;4.5
02/21/22;4.5
02/18/22;4.5
02/17/22;4.5
02/16/22;4.5
02/15/22;4.5
02/14/22;4.5
02/11/22;4.5
02/10/22;4.5
02/09/22;4.5
02/08/22;4.5
02/07/22;4.5
02/04/22;4.5
02/03/22;3.75
02/02/22;3.75
02/01/22;3.75
01/31/22;3.75
01/28/22;3.75
01/27/22;3.75
01/26/22;3.75
01/25/22;3.75
01/24/22;3.75
01/21/22;3.75
01/20/22;3.75
01/19/22;3.75
01/18/22;3.75
01/17/22;3.75
01/14/22;3.75
01/13/22;3.75
01/12/22;3.75
01/11/22;3.75
01/10/22;3.75
01/07/22;3.75
01/06/22;3.75
01/05/22;3.75
01/04/22;3.75
01/03/22;3.75
12/31/21;3.75
12/30/21;3.75
12/29/21;3.75
12/28/21;3.75
12/27/21;3.75
12/23/21;3.75
12/22/21;2.75
12/21/21;2.75
12/20/21;2.75
12/17/21;2.75
12/16/21;2.75
12/15/21;2.75
12/14/21;2.75
12/13/21;2.75
12/10/21;2.75
12/09/21;2.75
12/08/21;2.75
12/07/21;2.75
12/06/21;2.75
12/03/21;2.75
12/02/21;2.75
12/01/21;2.75
11/30/21;2.75
11/29/21;2.75
11/26/21;2.75
11/25/21;2.75
11/24/21;2.75
11/23/21;2.75
11/22/21;2.75
11/19/21;2.75
11/18/21;2.75
11/16/21;2.75
11/15/21;2.75
11/12/21;2.75
11/11/21;2.75
11/10/21;2.75
11/09/21;2.75
11/08/21;2.75
11/05/21;2.75
11/04/21;1.5
11/03/21;1.5
11/02/21;1.5
11/01/21;1.5
10/29/21;1.5
10/27/21;1.5
10/26/21;1.5
10/25/21;1.5
10/22/21;1.5
10/21/21;1.5
10/20/21;1.5
10/19/21;1.5
10/18/21;1.5
10/15/21;1.5
10/14/21;1.5
10/13/21;1.5
10/12/21;1.5
10/11/21;1.5
10/08/21;1.5
10/07/21;1.5
10/06/21;1.5
10/05/21;1.5
10/04/21;1.5
10/01/21;1.5
09/30/21;0.75
09/29/21;0.75
09/27/21;0.75
09/24/21;0.75
09/23/21;0.75
09/22/21;0.75
09/21/21;0.75
09/20/21;0.75
09/17/21;0.75
09/16/21;0.75
09/15/21;0.75
09/14/21;0.75
09/13/21;0.75
09/10/21;0.75
09/09/21;0.75
09/08/21;0.75
09/07/21;0.75
09/06/21;0.75
09/03/21;0.75
09/02/21;0.75
09/01/21;0.75
08/31/21;0.75
08/30/21;0.75
08/27/21;0.75
08/26/21;0.75
08/25/21;0.75
08/24/21;0.75
08/23/21;0.75
08/20/21;0.75
08/19/21;0.75
08/18/21;0.75
08/17/21;0.75
08/16/21;0.75
08/13/21;0.75
08/12/21;0.75
08/11/21;0.75
08/10/21;0.75
08/09/21;0.75
08/06/21;0.75
08/05/21;0.5
08/04/21;0.5
08/03/21;0.5
08/02/21;0.5
07/30/21;0.5
07/29/21;0.5
07/28/21;0.5
07/27/21;0.5
07/26/21;0.5
07/23/21;0.5
07/22/21;0.5
07/21/21;0.5
07/20/21;0.5
07/19/21;0.5
07/16/21;0.5
07/15/21;0.5
07/14/21;0.5
07/13/21;0.5
07/12/21;0.5
07/09/21;0.5
07/08/21;0.5
07/07/21;0.5
07/02/21;0.5
07/01/21;0.5
06/30/21;0.5
06/29/21;0.5
06/28/21;0.5
06/25/21;0.5
06/24/21;0.5
06/23/21;0.25
06/22/21;0.25
06/21/21;0.25
06/18/21;0.25
06/17/21;0.25
06/16/21;0.25
06/15/21;0.25
06/14/21;0.25
06/11/21;0.25
06/10/21;0.25
06/09/21;0.25
06/08/21;0.25
06/07/21;0.25
06/04/21;0.25
06/03/21;0.25
06/02/21;0.25
06/01/21;0.25
05/31/21;0.25
05/28/21;0.25
05/27/21;0.25
05/26/21;0.25
05/25/21;0.25
05/24/21;0.25
05/21/21;0.25
05/20/21;0.25
05/19/21;0.25
05/18/21;0.25
05/17/21;0.25
05/14/21;0.25
05/13/21;0.25
05/12/21;0.25
05/11/21;0.25
05/10/21;0.25
05/07/21;0.25
05/06/21;0.25
05/05/21;0.25
05/04/21;0.25
05/03/21;0.25
04/30/21;0.25
04/29/21;0.25
04/28/21;0.25
04/27/21;0.25
04/26/21;0.25
04/23/21;0.25
04/22/21;0.25
04/21/21;0.25
04/20/21;0.25
04/19/21;0.25
04/16/21;0.25
04/15/21;0.25
04/14/21;0.25
04/13/21;0.25
04/12/21;0.25
04/09/21;0.25
04/08/21;0.25
04/07/21;0.25
04/06/21;0.25
04/01/21;0.25
03/31/21;0.25
03/30/21;0.25
03/29/21;0.25
03/26/21;0.25
03/25/21;0.25
03/24/21;0.25
03/23/21;0.25
03/22/21;0.25
03/19/21;0.25
03/18/21;0.25
03/17/21;0.25
03/16/21;0.25
03/15/21;0.25
03/12/21;0.25
03/11/21;0.25
03/10/21;0.25
03/09/21;0.25
03/08/21;0.25
03/05/21;0.25
03/04/21;0.25
03/03/21;0.25
03/02/21;0.25
03/01/21;0.25
02/26/21;0.25
02/25/21;0.25
02/24/21;0.25
02/23/21;0.25
02/22/21;0.25
02/19/21;0.25
02/18/21;0.25
02/17/21;0.25
02/16/21;0.25
02/15/21;0.25
02/12/21;0.25
02/11/21;0.25
02/10/21;0.25
02/09/21;0.25
02/08/21;0.25
02/05/21;0.25
02/04/21;0.25
02/03/21;0.25
02/02/21;0.25
02/01/21;0.25
01/29/21;0.25
01/28/21;0.25
01/27/21;0.25
01/26/21;0.25
01/25/21;0.25
01/22/21;0.25
01/21/21;0.25
01/20/21;0.25
01/19/21;0.25
01/18/21;0.25
01/15/21;0.25
01/14/21;0.25
01/13/21;0.25
01/12/21;0.25
01/11/21;0.25
01/08/21;0.25
01/07/21;0.25
01/06/21;0.25
01/05/21;0.25
01/04/21;0.25
12/31/20;0.25
12/30/20;0.25
12/29/20;0.25
12/28/20;0.25
12/23/20;0.25
12/22/20;0.25
12/21/20;0.25
12/18/20;0.25
12/17/20;0.25
12/16/20;0.25
12/15/20;0.25
12/14/20;0.25
12/11/20;0.25
12/10/20;0.25
12/09/20;0.25
12/08/20;0.25
12/07/20;0.25
12/04/20;0.25
12/03/20;0.25
12/02/20;0.25
12/01/20;0.25
11/30/20;0.25
11/27/20;0.25
11/26/20;0.25
11/25/20;0.25
11/24/20;0.25
11/23/20;0.25
11/20/20;0.25
11/19/20;0.25
11/18/20;0.25
11/16/20;0.25
11/13/20;0.25
11/12/20;0.25
11/11/20;0.25
11/10/20;0.25
11/09/20;0.25
11/06/20;0.25
11/05/20;0.25
11/04/20;0.25
11/03/20;0.25
11/02/20;0.25
10/30/20;0.25
10/29/20;0.25
10/27/20;0.25
10/26/20;0.25
10/23/20;0.25
10/22/20;0.25
10/21/20;0.25
10/20/20;0.25
10/19/20;0.25
10/16/20;0.25
10/15/20;0.25
10/14/20;0.25
10/13/20;0.25
10/12/20;0.25
10/09/20;0.25
10/08/20;0.25
10/07/20;0.25
10/06/20;0.25
10/05/20;0.25
10/02/20;0.25
10/01/20;0.25
09/30/20;0.25
09/29/20;0.25
09/25/20;0.25
09/24/20;0.25
09/23/20;0.25
09/22/20;0.25
09/21/20;0.25
09/18/20;0.25
09/17/20;0.25
09/16/20;0.25
09/15/20;0.25
09/14/20;0.25
09/11/20;0.25
09/10/20;0.25
09/09/20;0.25
09/08/20;0.25
09/07/20;0.25
09/04/20;0.25
09/03/20;0.25
09/02/20;0.25
09/01/20;0.25
08/31/20;0.25
08/28/20;0.25
08/27/20;0.25
08/26/20;0.25
08/25/20;0.25
08/24/20;0.25
08/21/20;0.25
08/20/20;0.25
08/19/20;0.25
08/18/20;0.25
08/17/20;0.25
08/14/20;0.25
08/13/20;0.25
08/12/20;0.25
08/11/20;0.25
08/10/20;0.25
08/07/20;0.25
08/06/20;0.25
08/05/20;0.25
08/04/20;0.25
08/03/20;0.25
07/31/20;0.25
07/30/20;0.25
07/29/20;0.25
07/28/20;0.25
07/27/20;0.25
07/24/20;0.25
07/23/20;0.25
07/22/20;0.25
07/21/20;0.25
07/20/20;0.25
07/17/20;0.25
07/16/20;0.25
07/15/20;0.25
07/14/20;0.25
07/13/20;0.25
07/10/20;0.25
07/09/20;0.25
07/08/20;0.25
07/07/20;0.25
07/03/20;0.25
07/02/20;0.25
07/01/20;0.25
06/30/20;0.25
06/29/20;0.25
06/26/20;0.25
06/25/20;0.25
06/24/20;0.25
06/23/20;0.25
06/22/20;0.25
06/19/20;0.25
06/18/20;0.25
06/17/20;0.25
06/16/20;0.25
06/15/20;0.25
06/12/20;0.25
06/11/20;0.25
06/10/20;0.25
06/09/20;0.25
06/08/20;0.25
06/05/20;0.25
06/04/20;0.25
06/03/20;0.25
06/02/20;0.25
06/01/20;0.25
05/29/20;0.25
05/28/20;0.25
05/27/20;0.25
05/26/20;0.25
05/25/20;0.25
05/22/20;0.25
05/21/20;0.25
05/20/20;0.25
05/19/20;0.25
05/18/20;0.25
05/15/20;0.25
05/14/20;0.25
05/13/20;0.25
05/12/20;0.25
05/11/20;0.25
05/07/20;1
05/06/20;1
05/05/20;1
05/04/20;1
04/30/20;1
04/29/20;1
04/28/20;1
04/27/20;1
04/24/20;1
04/23/20;1
04/22/20;1
04/21/20;1
04/20/20;1
04/17/20;1
04/16/20;1
04/15/20;1
04/14/20;1
04/09/20;1
04/08/20;1
04/07/20;1
04/06/20;1
04/03/20;1
04/02/20;1
04/01/20;1
03/31/20;1
03/30/20;1
03/27/20;1
03/26/20;1.75
03/25/20;1.75
03/24/20;1.75
03/23/20;1.75
03/20/20;1.75
03/19/20;1.75
03/18/20;1.75
03/17/20;1.75
03/16/20;2.25
03/13/20;2.25
03/12/20;2.25
03/11/20;2.25
03/10/20;2.25
03/09/20;2.25
03/06/20;2.25
03/05/20;2.25
03/04/20;2.25
03/03/20;2.25
03/02/20;2.25
02/28/20;2.25
02/27/20;2.25
02/26/20;2.25
02/25/20;2.25
02/24/20;2.25
02/21/20;2.25
02/20/20;2.25
02/19/20;2.25
02/18/20;2.25
02/17/20;2.25
02/14/20;2.25
02/13/20;2.25
02/12/20;2.25
02/11/20;2.25
02/10/20;2.25
02/07/20;2.25
02/06/20;2
02/05/20;2
02/04/20;2
02/03/20;2
01/31/20;2
01/30/20;2
01/29/20;2
01/28/20;2
01/27/20;2
01/24/20;2
01/23/20;2
01/22/20;2
01/21/20;2
01/20/20;2
01/17/20;2
01/16/20;2
01/15/20;2
01/14/20;2
01/13/20;2
01/10/20;2
01/09/20;2
01/08/20;2
01/07/20;2
01/06/20;2
01/03/20;2
01/02/20;2
12/31/19;2
12/30/19;2
12/27/19;2
12/23/19;2
12/20/19;2
12/19/19;2
12/18/19;2
12/17/19;2
12/16/19;2
12/13/19;2
12/12/19;2
12/11/19;2
12/10/19;2
12/09/19;2
12/06/19;2
12/05/19;2
12/04/19;2
12/03/19;2
12/02/19;2
11/29/19;2
11/28/19;2
11/27/19;2
11/26/19;2
11/25/19;2
11/22/19;2
11/21/19;2
11/20/19;2
11/19/19;2
11/18/19;2
11/15/19;2
11/14/19;2
11/13/19;2
11/12/19;2
11/11/19;2
11/08/19;2
11/07/19;2
11/06/19;2
11/05/19;2
11/04/19;2
11/01/19;2
10/31/19;2
10/30/19;2
10/29/19;2
10/25/19;2
10/24/19;2
10/23/19;2
10/22/19;2
10/21/19;2
10/18/19;2
10/17/19;2
10/16/19;2
10/15/19;2
10/14/19;2
10/11/19;2
10/10/19;2
10/09/19;2
10/08/19;2
10/07/19;2
10/04/19;2
10/03/19;2
10/02/19;2
10/01/19;2
09/30/19;2
09/27/19;2
09/26/19;2
09/25/19;2
09/24/19;2
09/23/19;2
09/20/19;2
09/19/19;2
09/18/19;2
09/17/19;2
09/16/19;2
09/13/19;2
09/12/19;2
09/11/19;2
09/10/19;2
09/09/19;2
09/06/19;2
09/05/19;2
09/04/19;2
09/03/19;2
09/02/19;2
08/30/19;2
08/29/19;2
08/28/19;2
08/27/19;2
08/26/19;2
08/23/19;2
08/22/19;2
08/21/19;2
08/20/19;2
08/19/19;2
08/16/19;2
08/15/19;2
08/14/19;2
08/13/19;2
08/12/19;2
08/09/19;2
08/08/19;2
08/07/19;2
08/06/19;2
08/05/19;2
08/02/19;2
08/01/19;2
07/31/19;2
07/30/19;2
07/29/19;2
07/26/19;2
07/25/19;2
07/24/19;2
07/23/19;2
07/22/19;2
07/19/19;2
07/18/19;2
07/17/19;2
07/16/19;2
07/15/19;2
07/12/19;2
07/11/19;2
07/10/19;2
07/09/19;2
07/08/19;2
07/04/19;2
07/03/19;2
07/02/19;2
07/01/19;2
06/28/19;2
06/27/19;2
06/26/19;2
06/25/19;2
06/24/19;2
06/21/19;2
06/20/19;2
06/19/19;2
06/18/19;2
06/17/19;2
06/14/19;2
06/13/19;2
06/12/19;2
06/11/19;2
06/10/19;2
06/07/19;2
06/06/19;2
06/05/19;2
06/04/19;2
06/03/19;2
05/31/19;2
05/30/19;2
05/29/19;2
05/28/19;2
05/27/19;2
05/24/19;2
05/23/19;2
05/22/19;2
05/21/19;2
05/20/19;2
05/17/19;2
05/16/19;2
05/15/19;2
05/14/19;2
05/13/19;2
05/10/19;2
05/09/19;2
05/07/19;2
05/06/19;2
05/03/19;2
05/02/19;1.75
04/30/19;1.75
04/29/19;1.75
04/26/19;1.75
04/25/19;1.75
04/24/19;1.75
04/23/19;1.75
04/18/19;1.75
04/17/19;1.75
04/16/19;1.75
04/15/19;1.75
04/12/19;1.75
04/11/19;1.75
04/10/19;1.75
04/09/19;1.75
04/08/19;1.75
04/05/19;1.75
04/04/19;1.75
04/03/19;1.75
04/02/19;1.75
04/01/19;1.75
03/29/19;1.75
03/28/19;1.75
03/27/19;1.75
03/26/19;1.75
03/25/19;1.75
03/22/19;1.75
03/21/19;1.75
03/20/19;1.75
03/19/19;1.75
03/18/19;1.75
03/15/19;1.75
03/14/19;1.75
03/13/19;1.75
03/12/19;1.75
03/11/19;1.75
03/08/19;1.75
03/07/19;1.75
03/06/19;1.75
03/05/19;1.75
03/04/19;1.75
03/01/19;1.75
02/28/19;1.75
02/27/19;1.75
02/26/19;1.75
02/25/19;1.75
02/22/19;1.75
02/21/19;1.75
02/20/19;1.75
02/19/19;1.75
02/18/19;1.75
02/15/19;1.75
02/14/19;1.75
02/13/19;1.75
02/12/19;1.75
02/11/19;1.75
02/08/19;1.75
02/07/19;1.75
02/06/19;1.75
02/05/19;1.75
02/04/19;1.75
02/01/19;1.75
01/31/19;1.75
01/30/19;1.75
01/29/19;1.75
01/28/19;1.75
01/25/19;1.75
01/24/19;1.75
01/23/19;1.75
01/22/19;1.75
01/21/19;1.75
01/18/19;1.75
01/17/19;1.75
01/16/19;1.75
01/15/19;1.75
01/14/19;1.75
01/11/19;1.75
01/10/19;1.75
01/09/19;1.75
01/08/19;1.75
01/07/19;1.75
01/04/19;1.75
01/03/19;1.75
01/02/19;1.75
12/31/18;1.75
12/28/18;1.75
12/27/18;1.75
12/21/18;1.75
12/20/18;1.75
12/19/18;1.75
12/18/18;1.75
12/17/18;1.75
12/14/18;1.75
12/13/18;1.75
12/12/18;1.75
12/11/18;1.75
12/10/18;1.75
12/07/18;1.75
12/06/18;1.75
12/05/18;1.75
12/04/18;1.75
12/03/18;1.75
11/30/18;1.75
11/29/18;1.75
11/28/18;1.75
11/27/18;1.75
11/26/18;1.75
11/23/18;1.75
11/22/18;1.75
11/21/18;1.75
11/20/18;1.75
11/19/18;1.75
11/16/18;1.75
11/15/18;1.75
11/14/18;1.75
11/13/18;1.75
11/12/18;1.75
11/09/18;1.75
11/08/18;1.75
11/07/18;1.75
11/06/18;1.75
11/05/18;1.75
11/02/18;1.75
11/01/18;1.5
10/31/18;1.5
10/30/18;1.5
10/29/18;1.5
10/26/18;1.5
10/25/18;1.5
10/24/18;1.5
10/23/18;1.5
10/22/18;1.5
10/19/18;1.5
10/18/18;1.5
10/17/18;1.5
10/16/18;1.5
10/15/18;1.5
10/12/18;1.5
10/11/18;1.5
10/10/18;1.5
10/09/18;1.5
10/08/18;1.5
10/05/18;1.5
10/04/18;1.5
10/03/18;1.5
10/02/18;1.5
10/01/18;1.5
09/27/18;1.5
09/26/18;1.25
09/25/18;1.25
09/24/18;1.25
09/21/18;1.25
09/20/18;1.25
09/19/18;1.25
09/18/18;1.25
09/17/18;1.25
09/14/18;1.25
09/13/18;1.25
09/12/18;1.25
09/11/18;1.25
09/10/18;1.25
09/07/18;1.25
09/06/18;1.25
09/05/18;1.25
09/04/18;1.25
09/03/18;1.25
08/31/18;1.25
08/30/18;1.25
08/29/18;1.25
08/28/18;1.25
08/27/18;1.25
08/24/18;1.25
08/23/18;1.25
08/22/18;1.25
08/21/18;1.25
08/20/18;1.25
08/17/18;1.25
08/16/18;1.25
08/15/18;1.25
08/14/18;1.25
08/13/18;1.25
08/10/18;1.25
08/09/18;1.25
08/08/18;1.25
08/07/18;1.25
08/06/18;1.25
08/03/18;1.25
08/02/18;1
08/01/18;1
07/31/18;1
07/30/18;1
07/27/18;1
07/26/18;1
07/25/18;1
07/24/18;1
07/23/18;1
07/20/18;1
07/19/18;1
07/18/18;1
07/17/18;1
07/16/18;1
07/13/18;1
07/12/18;1
07/11/18;1
07/10/18;1
07/09/18;1
07/04/18;1
07/03/18;1
07/02/18;1
06/29/18;1
06/28/18;1
06/27/18;0.75
06/26/18;0.75
06/25/18;0.75
06/22/18;0.75
06/21/18;0.75
06/20/18;0.75
06/19/18;0.75
06/18/18;0.75
06/15/18;0.75
06/14/18;0.75
06/13/18;0.75
06/12/18;0.75
06/11/18;0.75
06/08/18;0.75
06/07/18;0.75
06/06/18;0.75
06/05/18;0.75
06/04/18;0.75
06/01/18;0.75
05/31/18;0.75
05/30/18;0.75
05/29/18;0.75
05/28/18;0.75
05/25/18;0.75
05/24/18;0.75
05/23/18;0.75
05/22/18;0.75
05/21/18;0.75
05/18/18;0.75
05/17/18;0.75
05/16/18;0.75
05/15/18;0.75
05/14/18;0.75
05/11/18;0.75
05/10/18;0.75
05/09/18;0.75
05/07/18;0.75
05/04/18;0.75
05/03/18;0.75
05/02/18;0.75
04/30/18;0.75
04/27/18;0.75
04/26/18;0.75
04/25/18;0.75
04/24/18;0.75
04/23/18;0.75
04/20/18;0.75
04/19/18;0.75
04/18/18;0.75
04/17/18;0.75
04/16/18;0.75
04/13/18;0.75
04/12/18;0.75
04/11/18;0.75
04/10/18;0.75
04/09/18;0.75
04/06/18;0.75
04/05/18;0.75
04/04/18;0.75
04/03/18;0.75
03/29/18;0.75
03/28/18;0.75
03/27/18;0.75
03/26/18;0.75
03/23/18;0.75
03/22/18;0.75
03/21/18;0.75
03/20/18;0.75
03/19/18;0.75
03/16/18;0.75
03/15/18;0.75
03/14/18;0.75
03/13/18;0.75
03/12/18;0.75
03/09/18;0.75
03/08/18;0.75
03/07/18;0.75
03/06/18;0.75
03/05/18;0.75
03/02/18;0.75
03/01/18;0.75
02/28/18;0.75
02/27/18;0.75
02/26/18;0.75
02/23/18;0.75
02/22/18;0.75
02/21/18;0.75
02/20/18;0.75
02/19/18;0.75
02/16/18;0.75
02/15/18;0.75
02/14/18;0.75
02/13/18;0.75
02/12/18;0.75
02/09/18;0.75
02/08/18;0.75
02/07/18;0.75
02/06/18;0.75
02/05/18;0.75
02/02/18;0.75
02/01/18;0.5
01/31/18;0.5
01/30/18;0.5
01/29/18;0.5
01/26/18;0.5
01/25/18;0.5
01/24/18;0.5
01/23/18;0.5
01/22/18;0.5
01/19/18;0.5
01/18/18;0.5
01/17/18;0.5
01/16/18;0.5
01/15/18;0.5
01/12/18;0.5
01/11/18;0.5
01/10/18;0.5
01/09/18;0.5
01/08/18;0.5
01/05/18;0.5
01/04/18;0.5
01/03/18;0.5
01/02/18;0.5
12/29/17;0.5
12/28/17;0.5
12/27/17;0.5
12/22/17;0.5
12/21/17;0.5
12/20/17;0.5
12/19/17;0.5
12/18/17;0.5
12/15/17;0.5
12/14/17;0.5
12/13/17;0.5
12/12/17;0.5
12/11/17;0.5
12/08/17;0.5
12/07/17;0.5
12/06/17;0.5
12/05/17;0.5
12/04/17;0.5
12/01/17;0.5
11/30/17;0.5
11/29/17;0.5
11/28/17;0.5
11/27/17;0.5
11/24/17;0.5
11/23/17;0.5
11/22/17;0.5
11/21/17;0.5
11/20/17;0.5
11/16/17;0.5
11/15/17;0.5
11/14/17;0.5
11/13/17;0.5
11/10/17;0.5
11/09/17;0.5
11/08/17;0.5
11/07/17;0.5
11/06/17;0.5
11/03/17;0.5
11/02/17;0.25
11/01/17;0.25
10/31/17;0.25
10/30/17;0.25
10/27/17;0.25
10/26/17;0.25
10/25/17;0.25
10/24/17;0.25
10/23/17;0.25
10/20/17;0.25
10/19/17;0.25
10/18/17;0.25
10/17/17;0.25
10/16/17;0.25
10/13/17;0.25
10/12/17;0.25
10/11/17;0.25
10/10/17;0.25
10/09/17;0.25
10/06/17;0.25
10/05/17;0.25
10/04/17;0.25
10/03/17;0.25
10/02/17;0.25
09/29/17;0.25
09/27/17;0.25
09/26/17;0.25
09/25/17;0.25
09/22/17;0.25
09/21/17;0.25
09/20/17;0.25
09/19/17;0.25
09/18/17;0.25
09/15/17;0.25
09/14/17;0.25
09/13/17;0.25
09/12/17;0.25
09/11/17;0.25
09/08/17;0.25
09/07/17;0.25
09/06/17;0.25
09/05/17;0.25
09/04/17;0.25
09/01/17;0.25
08/31/17;0.25
08/30/17;0.25
08/29/17;0.25
08/28/17;0.25
08/25/17;0.25
08/24/17;0.25
08/23/17;0.25
08/22/17;0.25
08/21/17;0.25
08/18/17;0.25
08/17/17;0.25
08/16/17;0.25
08/15/17;0.25
08/14/17;0.25
08/11/17;0.25
08/10/17;0.25
08/09/17;0.25
08/08/17;0.25
08/07/17;0.25
08/04/17;0.25
08/03/17;0.05
08/02/17;0.05
08/01/17;0.05
07/31/17;0.05
07/28/17;0.05
07/27/17;0.05
07/26/17;0.05
07/25/17;0.05
07/24/17;0.05
07/21/17;0.05
07/20/17;0.05
07/19/17;0.05
07/18/17;0.05
07/17/17;0.05
07/14/17;0.05
07/13/17;0.05
07/12/17;0.05
07/11/17;0.05
07/10/17;0.05
07/07/17;0.05
07/04/17;0.05
07/03/17;0.05
06/30/17;0.05
06/29/17;0.05
06/28/17;0.05
06/27/17;0.05
06/26/17;0.05
06/23/17;0.05
06/22/17;0.05
06/21/17;0.05
06/20/17;0.05
06/19/17;0.05
06/16/17;0.05
06/15/17;0.05
06/14/17;0.05
06/13/17;0.05
06/12/17;0.05
06/09/17;0.05
06/08/17;0.05
06/07/17;0.05
06/06/17;0.05
06/05/17;0.05
06/02/17;0.05
06/01/17;0.05
05/31/17;0.05
05/30/17;0.05
05/29/17;0.05
05/26/17;0.05
05/25/17;0.05
05/24/17;0.05
05/23/17;0.05
05/22/17;0.05
05/19/17;0.05
05/18/17;0.05
05/17/17;0.05
05/16/17;0.05
05/15/17;0.05
05/12/17;0.05
05/11/17;0.05
05/10/17;0.05
05/09/17;0.05
05/05/17;0.05
05/04/17;0.05
05/03/17;0.05
05/02/17;0.05
04/28/17;0.05
04/27/17;0.05
04/26/17;0.05
04/25/17;0.05
04/24/17;0.05
04/21/17;0.05
04/20/17;0.05
04/19/17;0.05
04/18/17;0.05
04/13/17;0.05
04/12/17;0.05
04/11/17;0.05
04/10/17;0.05
04/07/17;0.05
04/06/17;0.05
04/05/17;0.05
04/04/17;0.05
04/03/17;0.05
03/31/17;0.05
03/30/17;0.05
03/29/17;0.05
03/28/17;0.05
03/27/17;0.05
03/24/17;0.05
03/23/17;0.05
03/22/17;0.05
03/21/17;0.05
03/20/17;0.05
03/17/17;0.05
03/16/17;0.05
03/15/17;0.05
03/14/17;0.05
03/13/17;0.05
03/10/17;0.05
03/09/17;0.05
03/08/17;0.05
03/07/17;0.05
03/06/17;0.05
03/03/17;0.05
03/02/17;0.05
03/01/17;0.05
02/28/17;0.05
02/27/17;0.05
02/24/17;0.05
02/23/17;0.05
02/22/17;0.05
02/21/17;0.05
02/20/17;0.05
02/17/17;0.05
02/16/17;0.05
02/15/17;0.05
02/14/17;0.05
02/13/17;0.05
02/10/17;0.05
02/09/17;0.05
02/08/17;0.05
02/07/17;0.05
02/06/17;0.05
02/03/17;0.05
02/02/17;0.05
02/01/17;0.05
01/31/17;0.05
01/30/17;0.05
01/27/17;0.05
01/26/17;0.05
01/25/17;0.05
01/24/17;0.05
01/23/17;0.05
01/20/17;0.05
01/19/17;0.05
01/18/17;0.05
01/17/17;0.05
01/16/17;0.05
01/13/17;0.05
01/12/17;0.05
01/11/17;0.05
01/10/17;0.05
01/09/17;0.05
01/06/17;0.05
01/05/17;0.05
01/04/17;0.05
01/03/17;0.05
01/02/17;0.05
12/30/16;0.05
12/29/16;0.05
12/28/16;0.05
12/27/16;0.05
12/23/16;0.05
12/22/16;0.05
12/21/16;0.05
12/20/16;0.05
12/19/16;0.05
12/16/16;0.05
12/15/16;0.05
12/14/16;0.05
12/13/16;0.05
12/12/16;0.05
12/09/16;0.05
12/08/16;0.05
12/07/16;0.05
12/06/16;0.05
12/05/16;0.05
12/02/16;0.05
12/01/16;0.05
11/30/16;0.05
11/29/16;0.05
11/28/16;0.05
11/25/16;0.05
11/24/16;0.05
11/23/16;0.05
11/22/16;0.05
11/21/16;0.05
11/18/16;0.05
11/16/16;0.05
11/15/16;0.05
11/14/16;0.05
11/11/16;0.05
11/10/16;0.05
11/09/16;0.05
11/08/16;0.05
11/07/16;0.05
11/04/16;0.05
11/03/16;0.05
11/02/16;0.05
11/01/16;0.05
10/31/16;0.05
10/27/16;0.05
10/26/16;0.05
10/25/16;0.05
10/24/16;0.05
10/21/16;0.05
10/20/16;0.05
10/19/16;0.05
10/18/16;0.05
10/17/16;0.05
10/14/16;0.05
10/13/16;0.05
10/12/16;0.05
10/11/16;0.05
10/10/16;0.05
10/07/16;0.05
10/06/16;0.05
10/05/16;0.05
10/04/16;0.05
10/03/16;0.05
09/30/16;0.05
09/29/16;0.05
09/27/16;0.05
09/26/16;0.05
09/23/16;0.05
09/22/16;0.05
09/21/16;0.05
09/20/16;0.05
09/19/16;0.05
09/16/16;0.05
09/15/16;0.05
09/14/16;0.05
09/13/16;0.05
09/12/16;0.05
09/09/16;0.05
09/08/16;0.05
09/07/16;0.05
09/06/16;0.05
09/05/16;0.05
09/02/16;0.05
09/01/16;0.05
08/31/16;0.05
08/30/16;0.05
08/29/16;0.05
08/26/16;0.05
08/25/16;0.05
08/24/16;0.05
08/23/16;0.05
08/22/16;0.05
08/19/16;0.05
08/18/16;0.05
08/17/16;0.05
08/16/16;0.05
08/15/16;0.05
08/12/16;0.05
08/11/16;0.05
08/10/16;0.05
08/09/16;0.05
08/08/16;0.05
08/05/16;0.05
08/04/16;0.05
08/03/16;0.05
08/02/16;0.05
08/01/16;0.05
07/29/16;0.05
07/28/16;0.05
07/27/16;0.05
07/26/16;0.05
07/25/16;0.05
07/22/16;0.05
07/21/16;0.05
07/20/16;0.05
07/19/16;0.05
07/18/16;0.05
07/15/16;0.05
07/14/16;0.05
07/13/16;0.05
07/12/16;0.05
07/11/16;0.05
07/08/16;0.05
07/07/16;0.05
07/04/16;0.05
07/01/16;0.05
06/30/16;0.05
06/29/16;0.05
06/28/16;0.05
06/27/16;0.05
06/24/16;0.05
06/23/16;0.05
06/22/16;0.05
06/21/16;0.05
06/20/16;0.05
06/17/16;0.05
06/16/16;0.05
06/15/16;0.05
06/14/16;0.05
06/13/16;0.05
06/10/16;0.05
06/09/16;0.05
06/08/16;0.05
06/07/16;0.05
06/06/16;0.05
06/03/16;0.05
06/02/16;0.05
06/01/16;0.05
05/31/16;0.05
05/30/16;0.05
05/27/16;0.05
05/26/16;0.05
05/25/16;0.05
05/24/16;0.05
05/23/16;0.05
05/20/16;0.05
05/19/16;0.05
05/18/16;0.05
05/17/16;0.05
05/16/16;0.05
05/13/16;0.05
05/12/16;0.05
05/11/16;0.05
05/10/16;0.05
05/09/16;0.05
05/06/16;0.05
05/05/16;0.05
05/04/16;0.05
05/03/16;0.05
05/02/16;0.05
04/29/16;0.05
04/28/16;0.05
04/27/16;0.05
04/26/16;0.05
04/25/16;0.05
04/22/16;0.05
04/21/16;0.05
04/20/16;0.05
04/19/16;0.05
04/18/16;0.05
04/15/16;0.05
04/14/16;0.05
04/13/16;0.05
04/12/16;0.05
04/11/16;0.05
04/08/16;0.05
04/07/16;0.05
04/06/16;0.05
04/05/16;0.05
04/04/16;0.05
04/01/16;0.05
03/31/16;0.05
03/30/16;0.05
03/29/16;0.05
03/24/16;0.05
03/23/16;0.05
03/22/16;0.05
03/21/16;0.05
03/18/16;0.05
03/17/16;0.05
03/16/16;0.05
03/15/16;0.05
03/14/16;0.05
03/11/16;0.05
03/10/16;0.05
03/09/16;0.05
03/08/16;0.05
03/07/16;0.05
03/04/16;0.05
03/03/16;0.05
03/02/16;0.05
03/01/16;0.05
02/29/16;0.05
02/26/16;0.05
02/25/16;0.05
02/24/16;0.05
02/23/16;0.05
02/22/16;0.05
02/19/16;0.05
02/18/16;0.05
02/17/16;0.05
02/16/16;0.05
02/15/16;0.05
02/12/16;0.05
02/11/16;0.05
02/10/16;0.05
02/09/16;0.05
02/08/16;0.05
02/05/16;0.05
02/04/16;0.05
02/03/16;0.05
02/02/16;0.05
02/01/16;0.05
01/29/16;0.05
01/28/16;0.05
01/27/16;0.05
01/26/16;0.05
01/25/16;0.05
01/22/16;0.05
01/21/16;0.05
01/20/16;0.05
01/19/16;0.05
01/18/16;0.05
01/15/16;0.05
01/14/16;0.05
01/13/16;0.05
01/12/16;0.05
01/11/16;0.05
01/08/16;0.05
01/07/16;0.05
01/06/16;0.05
01/05/16;0.05
01/04/16;0.05
12/31/15;0.05
12/30/15;0.05
12/29/15;0.05
12/28/15;0.05
12/23/15;0.05
12/22/15;0.05
12/21/15;0.05
12/18/15;0.05
12/17/15;0.05
12/16/15;0.05
12/15/15;0.05
12/14/15;0.05
12/11/15;0.05
12/10/15;0.05
12/09/15;0.05
12/08/15;0.05
12/07/15;0.05
12/04/15;0.05
12/03/15;0.05
12/02/15;0.05
12/01/15;0.05
11/30/15;0.05
11/27/15;0.05
11/26/15;0.05
11/25/15;0.05
11/24/15;0.05
11/23/15;0.05
11/20/15;0.05
11/19/15;0.05
11/18/15;0.05
11/16/15;0.05
11/13/15;0.05
11/12/15;0.05
11/11/15;0.05
11/10/15;0.05
11/09/15;0.05
11/06/15;0.05
11/05/15;0.05
11/04/15;0.05
11/03/15;0.05
11/02/15;0.05
10/30/15;0.05
10/29/15;0.05
10/27/15;0.05
10/26/15;0.05
10/23/15;0.05
10/22/15;0.05
10/21/15;0.05
10/20/15;0.05
10/19/15;0.05
10/16/15;0.05
10/15/15;0.05
10/14/15;0.05
10/13/15;0.05
10/12/15;0.05
10/09/15;0.05
10/08/15;0.05
10/07/15;0.05
10/06/15;0.05
10/05/15;0.05
10/02/15;0.05
10/01/15;0.05
09/30/15;0.05
09/29/15;0.05
09/25/15;0.05
09/24/15;0.05
09/23/15;0.05
09/22/15;0.05
09/21/15;0.05
09/18/15;0.05
09/17/15;0.05
09/16/15;0.05
09/15/15;0.05
09/14/15;0.05
09/11/15;0.05
09/10/15;0.05
09/09/15;0.05
09/08/15;0.05
09/07/15;0.05
09/04/15;0.05
09/03/15;0.05
09/02/15;0.05
09/01/15;0.05
08/31/15;0.05
08/28/15;0.05
08/27/15;0.05
08/26/15;0.05
08/25/15;0.05
08/24/15;0.05
08/21/15;0.05
08/20/15;0.05
08/19/15;0.05
08/18/15;0.05
08/17/15;0.05
08/14/15;0.05
08/13/15;0.05
08/12/15;0.05
08/11/15;0.05
08/10/15;0.05
08/07/15;0.05
08/06/15;0.05
08/05/15;0.05
08/04/15;0.05
08/03/15;0.05
07/31/15;0.05
07/30/15;0.05
07/29/15;0.05
07/28/15;0.05
07/27/15;0.05
07/24/15;0.05
07/23/15;0.05
07/22/15;0.05
07/21/15;0.05
07/20/15;0.05
07/17/15;0.05
07/16/15;0.05
07/15/15;0.05
07/14/15;0.05
07/13/15;0.05
07/10/15;0.05
07/09/15;0.05
07/08/15;0.05
07/07/15;0.05
07/03/15;0.05
07/02/15;0.05
07/01/15;0.05
06/30/15;0.05
06/29/15;0.05
06/26/15;0.05
06/25/15;0.05
06/24/15;0.05
06/23/15;0.05
06/22/15;0.05
06/19/15;0.05
06/18/15;0.05
06/17/15;0.05
06/16/15;0.05
06/15/15;0.05
06/12/15;0.05
06/11/15;0.05
06/10/15;0.05
06/09/15;0.05
06/08/15;0.05
06/05/15;0.05
06/04/15;0.05
06/03/15;0.05
06/02/15;0.05
06/01/15;0.05
05/29/15;0.05
05/28/15;0.05
05/27/15;0.05
05/26/15;0.05
05/25/15;0.05
05/22/15;0.05
05/21/15;0.05
05/20/15;0.05
05/19/15;0.05
05/18/15;0.05
05/15/15;0.05
05/14/15;0.05
05/13/15;0.05
05/12/15;0.05
05/11/15;0.05
05/07/15;0.05
05/06/15;0.05
05/05/15;0.05
05/04/15;0.05
04/30/15;0.05
04/29/15;0.05
04/28/15;0.05
04/27/15;0.05
04/24/15;0.05
04/23/15;0.05
04/22/15;0.05
04/21/15;0.05
04/20/15;0.05
04/17/15;0.05
04/16/15;0.05
04/15/15;0.05
04/14/15;0.05
04/13/15;0.05
04/10/15;0.05
04/09/15;0.05
04/08/15;0.05
04/07/15;0.05
04/03/15;0.05
04/02/15;0.05
04/01/15;0.05
03/31/15;0.05
03/30/15;0.05
03/27/15;0.05
03/26/15;0.05
03/25/15;0.05
03/24/15;0.05
03/23/15;0.05
03/20/15;0.05
03/19/15;0.05
03/18/15;0.05
03/17/15;0.05
03/16/15;0.05
03/13/15;0.05
03/12/15;0.05
03/11/15;0.05
03/10/15;0.05
03/09/15;0.05
03/06/15;0.05
03/05/15;0.05
03/04/15;0.05
03/03/15;0.05
03/02/15;0.05
02/27/15;0.05
02/26/15;0.05
02/25/15;0.05
02/24/15;0.05
02/23/15;0.05
02/20/15;0.05
02/19/15;0.05
02/18/15;0.05
02/17/15;0.05
02/16/15;0.05
02/13/15;0.05
02/12/15;0.05
02/11/15;0.05
02/10/15;0.05
02/09/15;0.05
02/06/15;0.05
02/05/15;0.05
02/04/15;0.05
02/03/15;0.05
02/02/15;0.05
01/30/15;0.05
01/29/15;0.05
01/28/15;0.05
01/27/15;0.05
01/26/15;0.05
01/23/15;0.05
01/22/15;0.05
01/21/15;0.05
01/20/15;0.05
01/19/15;0.05
01/16/15;0.05
01/15/15;0.05
01/14/15;0.05
01/13/15;0.05
01/12/15;0.05
01/09/15;0.05
01/08/15;0.05
01/07/15;0.05
01/06/15;0.05
01/05/15;0.05
01/02/15;0.05
12/31/14;0.05
12/30/14;0.05
12/29/14;0.05
12/23/14;0.05
12/22/14;0.05
12/19/14;0.05
12/18/14;0.05
12/17/14;0.05
12/16/14;0.05
12/15/14;0.05
12/12/14;0.05
12/11/14;0.05
12/10/14;0.05
12/09/14;0.05
12/08/14;0.05
12/05/14;0.05
12/04/14;0.05
12/03/14;0.05
12/02/14;0.05
12/01/14;0.05
11/28/14;0.05
11/27/14;0.05
11/26/14;0.05
11/25/14;0.05
11/24/14;0.05
11/21/14;0.05
11/20/14;0.05
11/19/14;0.05
11/18/14;0.05
11/14/14;0.05
11/13/14;0.05
11/12/14;0.05
11/11/14;0.05
11/10/14;0.05
11/07/14;0.05
11/06/14;0.05
11/05/14;0.05
11/04/14;0.05
11/03/14;0.05
10/31/14;0.05
10/30/14;0.05
10/29/14;0.05
10/27/14;0.05
10/24/14;0.05
10/23/14;0.05
10/22/14;0.05
10/21/14;0.05
10/20/14;0.05
10/17/14;0.05
10/16/14;0.05
10/15/14;0.05
10/14/14;0.05
10/13/14;0.05
10/10/14;0.05
10/09/14;0.05
10/08/14;0.05
10/07/14;0.05
10/06/14;0.05
10/03/14;0.05
10/02/14;0.05
10/01/14;0.05
09/30/14;0.05
09/29/14;0.05
09/26/14;0.05
09/25/14;0.05
09/24/14;0.05
09/23/14;0.05
09/22/14;0.05
09/19/14;0.05
09/18/14;0.05
09/17/14;0.05
09/16/14;0.05
09/15/14;0.05
09/12/14;0.05
09/11/14;0.05
09/10/14;0.05
09/09/14;0.05
09/08/14;0.05
09/05/14;0.05
09/04/14;0.05
09/03/14;0.05
09/02/14;0.05
09/01/14;0.05
08/29/14;0.05
08/28/14;0.05
08/27/14;0.05
08/26/14;0.05
08/25/14;0.05
08/22/14;0.05
08/21/14;0.05
08/20/14;0.05
08/19/14;0.05
08/18/14;0.05
08/15/14;0.05
08/14/14;0.05
08/13/14;0.05
08/12/14;0.05
08/11/14;0.05
08/08/14;0.05
08/07/14;0.05
08/06/14;0.05
08/05/14;0.05
08/04/14;0.05
08/01/14;0.05
07/31/14;0.05
07/30/14;0.05
07/29/14;0.05
07/28/14;0.05
07/25/14;0.05
07/24/14;0.05
07/23/14;0.05
07/22/14;0.05
07/21/14;0.05
07/18/14;0.05
07/17/14;0.05
07/16/14;0.05
07/15/14;0.05
07/14/14;0.05
07/11/14;0.05
07/10/14;0.05
07/09/14;0.05
07/08/14;0.05
07/07/14;0.05
07/04/14;0.05
07/03/14;0.05
07/02/14;0.05
07/01/14;0.05
06/30/14;0.05
06/27/14;0.05
06/26/14;0.05
06/25/14;0.05
06/24/14;0.05
06/23/14;0.05
06/20/14;0.05
06/19/14;0.05
06/18/14;0.05
06/17/14;0.05
06/16/14;0.05
06/13/14;0.05
06/12/14;0.05
06/11/14;0.05
06/10/14;0.05
06/09/14;0.05
06/06/14;0.05
06/05/14;0.05
06/04/14;0.05
06/03/14;0.05
06/02/14;0.05
05/30/14;0.05
05/29/14;0.05
05/28/14;0.05
05/27/14;0.05
05/26/14;0.05
05/23/14;0.05
05/22/14;0.05
05/21/14;0.05
05/20/14;0.05
05/19/14;0.05
05/16/14;0.05
05/15/14;0.05
05/14/14;0.05
05/13/14;0.05
05/12/14;0.05
05/09/14;0.05
05/07/14;0.05
05/06/14;0.05
05/05/14;0.05
05/02/14;0.05
04/30/14;0.05
04/29/14;0.05
04/28/14;0.05
04/25/14;0.05
04/24/14;0.05
04/23/14;0.05
04/22/14;0.05
04/18/14;0.05
04/17/14;0.05
04/16/14;0.05
04/15/14;0.05
04/14/14;0.05
04/11/14;0.05
04/10/14;0.05
04/09/14;0.05
04/08/14;0.05
04/07/14;0.05
04/04/14;0.05
04/03/14;0.05
04/02/14;0.05
04/01/14;0.05
03/31/14;0.05
03/28/14;0.05
03/27/14;0.05
03/26/14;0.05
03/25/14;0.05
03/24/14;0.05
03/21/14;0.05
03/20/14;0.05
03/19/14;0.05
03/18/14;0.05
03/17/14;0.05
03/14/14;0.05
03/13/14;0.05
03/12/14;0.05
03/11/14;0.05
03/10/14;0.05
03/07/14;0.05
03/06/14;0.05
03/05/14;0.05
03/04/14;0.05
03/03/14;0.05
02/28/14;0.05
02/27/14;0.05
02/26/14;0.05
02/25/14;0.05
02/24/14;0.05
02/21/14;0.05
02/20/14;0.05
02/19/14;0.05
02/18/14;0.05
02/17/14;0.05
02/14/14;0.05
02/13/14;0.05
02/12/14;0.05
02/11/14;0.05
02/10/14;0.05
02/07/14;0.05
02/06/14;0.05
02/05/14;0.05
02/04/14;0.05
02/03/14;0.05
01/31/14;0.05
01/30/14;0.05
01/29/14;0.05
01/28/14;0.05
01/27/14;0.05
01/24/14;0.05
01/23/14;0.05
01/22/14;0.05
01/21/14;0.05
01/20/14;0.05
01/17/14;0.05
01/16/14;0.05
01/15/14;0.05
01/14/14;0.05
01/13/14;0.05
01/10/14;0.05
01/09/14;0.05
01/08/14;0.05
01/07/14;0.05
01/06/14;0.05
01/03/14;0.05
01/02/14;0.05
12/31/13;0.05
12/30/13;0.05
12/27/13;0.05
12/23/13;0.05
12/20/13;0.05
12/19/13;0.05
12/18/13;0.05
12/17/13;0.05
12/16/13;0.05
12/13/13;0.05
12/12/13;0.05
12/11/13;0.05
12/10/13;0.05
12/09/13;0.05
12/06/13;0.05
12/05/13;0.05
12/04/13;0.05
12/03/13;0.05
12/02/13;0.05
11/29/13;0.05
11/28/13;0.05
11/27/13;0.05
11/26/13;0.05
11/25/13;0.05
11/22/13;0.05
11/21/13;0.05
11/20/13;0.05
11/19/13;0.05
11/18/13;0.05
11/15/13;0.05
11/14/13;0.05
11/13/13;0.05
11/12/13;0.05
11/11/13;0.05
11/08/13;0.05
11/07/13;0.05
11/06/13;0.05
11/05/13;0.05
11/04/13;0.05
11/01/13;0.05
10/31/13;0.05
10/30/13;0.05
10/29/13;0.05
10/25/13;0.05
10/24/13;0.05
10/23/13;0.05
10/22/13;0.05
10/21/13;0.05
10/18/13;0.05
10/17/13;0.05
10/16/13;0.05
10/15/13;0.05
10/14/13;0.05
10/11/13;0.05
10/10/13;0.05
10/09/13;0.05
10/08/13;0.05
10/07/13;0.05
10/04/13;0.05
10/03/13;0.05
10/02/13;0.05
10/01/13;0.05
09/30/13;0.05
09/27/13;0.05
09/26/13;0.05
09/25/13;0.05
09/24/13;0.05
09/23/13;0.05
09/20/13;0.05
09/19/13;0.05
09/18/13;0.05
09/17/13;0.05
09/16/13;0.05
09/13/13;0.05
09/12/13;0.05
09/11/13;0.05
09/10/13;0.05
09/09/13;0.05
09/06/13;0.05
09/05/13;0.05
09/04/13;0.05
09/03/13;0.05
09/02/13;0.05
08/30/13;0.05
08/29/13;0.05
08/28/13;0.05
08/27/13;0.05
08/26/13;0.05
08/23/13;0.05
08/22/13;0.05
08/21/13;0.05
08/20/13;0.05
08/19/13;0.05
08/16/13;0.05
08/15/13;0.05
08/14/13;0.05
08/13/13;0.05
08/12/13;0.05
08/09/13;0.05
08/08/13;0.05
08/07/13;0.05
08/06/13;0.05
08/05/13;0.05
08/02/13;0.05
08/01/13;0.05
07/31/13;0.05
07/30/13;0.05
07/29/13;0.05
07/26/13;0.05
07/25/13;0.05
07/24/13;0.05
07/23/13;0.05
07/22/13;0.05
07/19/13;0.05
07/18/13;0.05
07/17/13;0.05
07/16/13;0.05
07/15/13;0.05
07/12/13;0.05
07/11/13;0.05
07/10/13;0.05
07/09/13;0.05
07/08/13;0.05
07/04/13;0.05
07/03/13;0.05
07/02/13;0.05
07/01/13;0.05
06/28/13;0.05
06/27/13;0.05
06/26/13;0.05
06/25/13;0.05
06/24/13;0.05
06/21/13;0.05
06/20/13;0.05
06/19/13;0.05
06/18/13;0.05
06/17/13;0.05
06/14/13;0.05
06/13/13;0.05
06/12/13;0.05
06/11/13;0.05
06/10/13;0.05
06/07/13;0.05
06/06/13;0.05
06/05/13;0.05
06/04/13;0.05
06/03/13;0.05
05/31/13;0.05
05/30/13;0.05
05/29/13;0.05
05/28/13;0.05
05/27/13;0.05
05/24/13;0.05
05/23/13;0.05
05/22/13;0.05
05/21/13;0.05
05/20/13;0.05
05/17/13;0.05
05/16/13;0.05
05/15/13;0.05
05/14/13;0.05
05/13/13;0.05
05/10/13;0.05
05/09/13;0.05
05/07/13;0.05
05/06/13;0.05
05/03/13;0.05
05/02/13;0.05
04/30/13;0.05
04/29/13;0.05
04/26/13;0.05
04/25/13;0.05
04/24/13;0.05
04/23/13;0.05
04/22/13;0.05
04/19/13;0.05
04/18/13;0.05
04/17/13;0.05
04/16/13;0.05
04/15/13;0.05
04/12/13;0.05
04/11/13;0.05
04/10/13;0.05
04/09/13;0.05
04/08/13;0.05
04/05/13;0.05
04/04/13;0.05
04/03/13;0.05
04/02/13;0.05
03/29/13;0.05
03/28/13;0.05
03/27/13;0.05
03/26/13;0.05
03/25/13;0.05
03/22/13;0.05
03/21/13;0.05
03/20/13;0.05
03/19/13;0.05
03/18/13;0.05
03/15/13;0.05
03/14/13;0.05
03/13/13;0.05
03/12/13;0.05
03/11/13;0.05
03/08/13;0.05
03/07/13;0.05
03/06/13;0.05
03/05/13;0.05
03/04/13;0.05
03/01/13;0.05
02/28/13;0.05
02/27/13;0.05
02/26/13;0.05
02/25/13;0.05
02/22/13;0.05
02/21/13;0.05
02/20/13;0.05
02/19/13;0.05
02/18/13;0.05
02/15/13;0.05
02/14/13;0.05
02/13/13;0.05
02/12/13;0.05
02/11/13;0.05
02/08/13;0.05
02/07/13;0.05
02/06/13;0.05
02/05/13;0.05
02/04/13;0.05
02/01/13;0.05
01/31/13;0.05
01/30/13;0.05
01/29/13;0.05
01/28/13;0.05
01/25/13;0.05
01/24/13;0.05
01/23/13;0.05
01/22/13;0.05
01/21/13;0.05
01/18/13;0.05
01/17/13;0.05
01/16/13;0.05
01/15/13;0.05
01/14/13;0.05
01/11/13;0.05
01/10/13;0.05
01/09/13;0.05
01/08/13;0.05
01/07/13;0.05
01/04/13;0.05
01/03/13;0.05
01/02/13;0.05
12/31/12;0.05
12/28/12;0.05
12/27/12;0.05
12/21/12;0.05
12/20/12;0.05
12/19/12;0.05
12/18/12;0.05
12/17/12;0.05
12/14/12;0.05
12/13/12;0.05
12/12/12;0.05
12/11/12;0.05
12/10/12;0.05
12/07/12;0.05
12/06/12;0.05
12/05/12;0.05
12/04/12;0.05
12/03/12;0.05
11/30/12;0.05
11/29/12;0.05
11/28/12;0.05
11/27/12;0.05
11/26/12;0.05
11/23/12;0.05
11/22/12;0.05
11/21/12;0.05
11/20/12;0.05
11/19/12;0.05
11/16/12;0.05
11/15/12;0.05
11/14/12;0.05
11/13/12;0.05
11/12/12;0.05
11/09/12;0.05
11/08/12;0.05
11/07/12;0.05
11/06/12;0.05
11/05/12;0.05
11/02/12;0.05
11/01/12;0.25
10/31/12;0.25
10/30/12;0.25
10/29/12;0.25
10/26/12;0.25
10/25/12;0.25
10/24/12;0.25
10/23/12;0.25
10/22/12;0.25
10/19/12;0.25
10/18/12;0.25
10/17/12;0.25
10/16/12;0.25
10/15/12;0.25
10/12/12;0.25
10/11/12;0.25
10/10/12;0.25
10/09/12;0.25
10/08/12;0.25
10/05/12;0.25
10/04/12;0.25
10/03/12;0.25
10/02/12;0.25
10/01/12;0.25
09/27/12;0.5
09/26/12;0.5
09/25/12;0.5
09/24/12;0.5
09/21/12;0.5
09/20/12;0.5
09/19/12;0.5
09/18/12;0.5
09/17/12;0.5
09/14/12;0.5
09/13/12;0.5
09/12/12;0.5
09/11/12;0.5
09/10/12;0.5
09/07/12;0.5
09/06/12;0.5
09/05/12;0.5
09/04/12;0.5
09/03/12;0.5
08/31/12;0.5
08/30/12;0.5
08/29/12;0.5
08/28/12;0.5
08/27/12;0.5
08/24/12;0.5
08/23/12;0.5
08/22/12;0.5
08/21/12;0.5
08/20/12;0.5
08/17/12;0.5
08/16/12;0.5
08/15/12;0.5
08/14/12;0.5
08/13/12;0.5
08/10/12;0.5
08/09/12;0.5
08/08/12;0.5
08/07/12;0.5
08/06/12;0.5
08/03/12;0.5
08/02/12;0.5
08/01/12;0.5
07/31/12;0.5
07/30/12;0.5
07/27/12;0.5
07/26/12;0.5
07/25/12;0.5
07/24/12;0.5
07/23/12;0.5
07/20/12;0.5
07/19/12;0.5
07/18/12;0.5
07/17/12;0.5
07/16/12;0.5
07/13/12;0.5
07/12/12;0.5
07/11/12;0.5
07/10/12;0.5
07/09/12;0.5
07/04/12;0.5
07/03/12;0.5
07/02/12;0.5
06/29/12;0.5
06/28/12;0.75
06/27/12;0.75
06/26/12;0.75
06/25/12;0.75
06/22/12;0.75
06/21/12;0.75
06/20/12;0.75
06/19/12;0.75
06/18/12;0.75
06/15/12;0.75
06/14/12;0.75
06/13/12;0.75
06/12/12;0.75
06/11/12;0.75
06/08/12;0.75
06/07/12;0.75
06/06/12;0.75
06/05/12;0.75
06/04/12;0.75
06/01/12;0.75
05/31/12;0.75
05/30/12;0.75
05/29/12;0.75
05/28/12;0.75
05/25/12;0.75
05/24/12;0.75
05/23/12;0.75
05/22/12;0.75
05/21/12;0.75
05/18/12;0.75
05/17/12;0.75
05/16/12;0.75
05/15/12;0.75
05/14/12;0.75
05/11/12;0.75
05/10/12;0.75
05/09/12;0.75
05/07/12;0.75
05/04/12;0.75
05/03/12;0.75
05/02/12;0.75
04/30/12;0.75
04/27/12;0.75
04/26/12;0.75
04/25/12;0.75
04/24/12;0.75
04/23/12;0.75
04/20/12;0.75
04/19/12;0.75
04/18/12;0.75
04/17/12;0.75
04/16/12;0.75
04/13/12;0.75
04/12/12;0.75
04/11/12;0.75
04/10/12;0.75
04/06/12;0.75
04/05/12;0.75
04/04/12;0.75
04/03/12;0.75
04/02/12;0.75
03/30/12;0.75
03/29/12;0.75
03/28/12;0.75
03/27/12;0.75
03/26/12;0.75
03/23/12;0.75
03/22/12;0.75
03/21/12;0.75
03/20/12;0.75
03/19/12;0.75
03/16/12;0.75
03/15/12;0.75
03/14/12;0.75
03/13/12;0.75
03/12/12;0.75
03/09/12;0.75
03/08/12;0.75
03/07/12;0.75
03/06/12;0.75
03/05/12;0.75
03/02/12;0.75
03/01/12;0.75
02/29/12;0.75
02/28/12;0.75
02/27/12;0.75
02/24/12;0.75
02/23/12;0.75
02/22/12;0.75
02/21/12;0.75
02/20/12;0.75
02/17/12;0.75
02/16/12;0.75
02/15/12;0.75
02/14/12;0.75
02/13/12;0.75
02/10/12;0.75
02/09/12;0.75
02/08/12;0.75
02/07/12;0.75
02/06/12;0.75
02/03/12;0.75
02/02/12;0.75
02/01/12;0.75
01/31/12;0.75
01/30/12;0.75
01/27/12;0.75
01/26/12;0.75
01/25/12;0.75
01/24/12;0.75
01/23/12;0.75
01/20/12;0.75
01/19/12;0.75
01/18/12;0.75
01/17/12;0.75
01/16/12;0.75
01/13/12;0.75
01/12/12;0.75
01/11/12;0.75
01/10/12;0.75
01/09/12;0.75
01/06/12;0.75
01/05/12;0.75
01/04/12;0.75
01/03/12;0.75
01/02/12;0.75
12/30/11;0.75
12/29/11;0.75
12/28/11;0.75
12/27/11;0.75
12/23/11;0.75
12/22/11;0.75
12/21/11;0.75
12/20/11;0.75
12/19/11;0.75
12/16/11;0.75
12/15/11;0.75
12/14/11;0.75
12/13/11;0.75
12/12/11;0.75
12/09/11;0.75
12/08/11;0.75
12/07/11;0.75
12/06/11;0.75
12/05/11;0.75
12/02/11;0.75
12/01/11;0.75
11/30/11;0.75
11/29/11;0.75
11/28/11;0.75
11/25/11;0.75
11/24/11;0.75
11/23/11;0.75
11/22/11;0.75
11/21/11;0.75
11/18/11;0.75
11/16/11;0.75
11/15/11;0.75
11/14/11;0.75
11/11/11;0.75
11/10/11;0.75
11/09/11;0.75
11/08/11;0.75
11/07/11;0.75
11/04/11;0.75
11/03/11;0.75
11/02/11;0.75
11/01/11;0.75
10/31/11;0.75
10/27/11;0.75
10/26/11;0.75
10/25/11;0.75
10/24/11;0.75
10/21/11;0.75
10/20/11;0.75
10/19/11;0.75
10/18/11;0.75
10/17/11;0.75
10/14/11;0.75
10/13/11;0.75
10/12/11;0.75
10/11/11;0.75
10/10/11;0.75
10/07/11;0.75
10/06/11;0.75
10/05/11;0.75
10/04/11;0.75
10/03/11;0.75
09/30/11;0.75
09/29/11;0.75
09/27/11;0.75
09/26/11;0.75
09/23/11;0.75
09/22/11;0.75
09/21/11;0.75
09/20/11;0.75
09/19/11;0.75
09/16/11;0.75
09/15/11;0.75
09/14/11;0.75
09/13/11;0.75
09/12/11;0.75
09/09/11;0.75
09/08/11;0.75
09/07/11;0.75
09/06/11;0.75
09/05/11;0.75
09/02/11;0.75
09/01/11;0.75
08/31/11;0.75
08/30/11;0.75
08/29/11;0.75
08/26/11;0.75
08/25/11;0.75
08/24/11;0.75
08/23/11;0.75
08/22/11;0.75
08/19/11;0.75
08/18/11;0.75
08/17/11;0.75
08/16/11;0.75
08/15/11;0.75
08/12/11;0.75
08/11/11;0.75
08/10/11;0.75
08/09/11;0.75
08/08/11;0.75
08/05/11;0.75
08/04/11;0.75
08/03/11;0.75
08/02/11;0.75
08/01/11;0.75
07/29/11;0.75
07/28/11;0.75
07/27/11;0.75
07/26/11;0.75
07/25/11;0.75
07/22/11;0.75
07/21/11;0.75
07/20/11;0.75
07/19/11;0.75
07/18/11;0.75
07/15/11;0.75
07/14/11;0.75
07/13/11;0.75
07/12/11;0.75
07/11/11;0.75
07/08/11;0.75
07/07/11;0.75
07/04/11;0.75
07/01/11;0.75
06/30/11;0.75
06/29/11;0.75
06/28/11;0.75
06/27/11;0.75
06/24/11;0.75
06/23/11;0.75
06/22/11;0.75
06/21/11;0.75
06/20/11;0.75
06/17/11;0.75
06/16/11;0.75
06/15/11;0.75
06/14/11;0.75
06/13/11;0.75
06/10/11;0.75
06/09/11;0.75
06/08/11;0.75
06/07/11;0.75
06/06/11;0.75
06/03/11;0.75
06/02/11;0.75
06/01/11;0.75
05/31/11;0.75
05/30/11;0.75
05/27/11;0.75
05/26/11;0.75
05/25/11;0.75
05/24/11;0.75
05/23/11;0.75
05/20/11;0.75
05/19/11;0.75
05/18/11;0.75
05/17/11;0.75
05/16/11;0.75
05/13/11;0.75
05/12/11;0.75
05/11/11;0.75
05/10/11;0.75
05/09/11;0.75
05/06/11;0.75
05/05/11;0.75
05/04/11;0.75
05/03/11;0.75
05/02/11;0.75
04/29/11;0.75
04/28/11;0.75
04/27/11;0.75
04/26/11;0.75
04/22/11;0.75
04/21/11;0.75
04/20/11;0.75
04/19/11;0.75
04/18/11;0.75
04/15/11;0.75
04/14/11;0.75
04/13/11;0.75
04/12/11;0.75
04/11/11;0.75
04/08/11;0.75
04/07/11;0.75
04/06/11;0.75
04/05/11;0.75
04/04/11;0.75
04/01/11;0.75
03/31/11;0.75
03/30/11;0.75
03/29/11;0.75
03/28/11;0.75
03/25/11;0.75
03/24/11;0.75
03/23/11;0.75
03/22/11;0.75
03/21/11;0.75
03/18/11;0.75
03/17/11;0.75
03/16/11;0.75
03/15/11;0.75
03/14/11;0.75
03/11/11;0.75
03/10/11;0.75
03/09/11;0.75
03/08/11;0.75
03/07/11;0.75
03/04/11;0.75
03/03/11;0.75
03/02/11;0.75
03/01/11;0.75
02/28/11;0.75
02/25/11;0.75
02/24/11;0.75
02/23/11;0.75
02/22/11;0.75
02/21/11;0.75
02/18/11;0.75
02/17/11;0.75
02/16/11;0.75
02/15/11;0.75
02/14/11;0.75
02/11/11;0.75
02/10/11;0.75
02/09/11;0.75
02/08/11;0.75
02/07/11;0.75
02/04/11;0.75
02/03/11;0.75
02/02/11;0.75
02/01/11;0.75
01/31/11;0.75
01/28/11;0.75
01/27/11;0.75
01/26/11;0.75
01/25/11;0.75
01/24/11;0.75
01/21/11;0.75
01/20/11;0.75
01/19/11;0.75
01/18/11;0.75
01/17/11;0.75
01/14/11;0.75
01/13/11;0.75
01/12/11;0.75
01/11/11;0.75
01/10/11;0.75
01/07/11;0.75
01/06/11;0.75
01/05/11;0.75
01/04/11;0.75
01/03/11;0.75
12/31/10;0.75
12/30/10;0.75
12/29/10;0.75
12/28/10;0.75
12/27/10;0.75
12/23/10;0.75
12/22/10;0.75
12/21/10;0.75
12/20/10;0.75
12/17/10;0.75
12/16/10;0.75
12/15/10;0.75
12/14/10;0.75
12/13/10;0.75
12/10/10;0.75
12/09/10;0.75
12/08/10;0.75
12/07/10;0.75
12/06/10;0.75
12/03/10;0.75
12/02/10;0.75
12/01/10;0.75
11/30/10;0.75
11/29/10;0.75
11/26/10;0.75
11/25/10;0.75
11/24/10;0.75
11/23/10;0.75
11/22/10;0.75
11/19/10;0.75
11/18/10;0.75
11/16/10;0.75
11/15/10;0.75
11/12/10;0.75
11/11/10;0.75
11/10/10;0.75
11/09/10;0.75
11/08/10;0.75
11/05/10;0.75
11/04/10;0.75
11/03/10;0.75
11/02/10;0.75
11/01/10;0.75
10/29/10;0.75
10/27/10;0.75
10/26/10;0.75
10/25/10;0.75
10/22/10;0.75
10/21/10;0.75
10/20/10;0.75
10/19/10;0.75
10/18/10;0.75
10/15/10;0.75
10/14/10;0.75
10/13/10;0.75
10/12/10;0.75
10/11/10;0.75
10/08/10;0.75
10/07/10;0.75
10/06/10;0.75
10/05/10;0.75
10/04/10;0.75
10/01/10;0.75
09/30/10;0.75
09/29/10;0.75
09/27/10;0.75
09/24/10;0.75
09/23/10;0.75
09/22/10;0.75
09/21/10;0.75
09/20/10;0.75
09/17/10;0.75
09/16/10;0.75
09/15/10;0.75
09/14/10;0.75
09/13/10;0.75
09/10/10;0.75
09/09/10;0.75
09/08/10;0.75
09/07/10;0.75
09/06/10;0.75
09/03/10;0.75
09/02/10;0.75
09/01/10;0.75
08/31/10;0.75
08/30/10;0.75
08/27/10;0.75
08/26/10;0.75
08/25/10;0.75
08/24/10;0.75
08/23/10;0.75
08/20/10;0.75
08/19/10;0.75
08/18/10;0.75
08/17/10;0.75
08/16/10;0.75
08/13/10;0.75
08/12/10;0.75
08/11/10;0.75
08/10/10;0.75
08/09/10;0.75
08/06/10;0.75
08/05/10;0.75
08/04/10;0.75
08/03/10;0.75
08/02/10;0.75
07/30/10;0.75
07/29/10;0.75
07/28/10;0.75
07/27/10;0.75
07/26/10;0.75
07/23/10;0.75
07/22/10;0.75
07/21/10;0.75
07/20/10;0.75
07/19/10;0.75
07/16/10;0.75
07/15/10;0.75
07/14/10;0.75
07/13/10;0.75
07/12/10;0.75
07/09/10;0.75
07/08/10;0.75
07/07/10;0.75
07/02/10;0.75
07/01/10;0.75
06/30/10;0.75
06/29/10;0.75
06/28/10;0.75
06/25/10;0.75
06/24/10;0.75
06/23/10;0.75
06/22/10;0.75
06/21/10;0.75
06/18/10;0.75
06/17/10;0.75
06/16/10;0.75
06/15/10;0.75
06/14/10;0.75
06/11/10;0.75
06/10/10;0.75
06/09/10;0.75
06/08/10;0.75
06/07/10;0.75
06/04/10;0.75
06/03/10;0.75
06/02/10;0.75
06/01/10;0.75
05/31/10;0.75
05/28/10;0.75
05/27/10;0.75
05/26/10;0.75
05/25/10;0.75
05/24/10;0.75
05/21/10;0.75
05/20/10;0.75
05/19/10;0.75
05/18/10;0.75
05/17/10;0.75
05/14/10;0.75
05/13/10;0.75
05/12/10;0.75
05/11/10;0.75
05/10/10;0.75
05/07/10;0.75
05/06/10;1
05/05/10;1
05/04/10;1
05/03/10;1
04/30/10;1
04/29/10;1
04/28/10;1
04/27/10;1
04/26/10;1
04/23/10;1
04/22/10;1
04/21/10;1
04/20/10;1
04/19/10;1
04/16/10;1
04/15/10;1
04/14/10;1
04/13/10;1
04/12/10;1
04/09/10;1
04/08/10;1
04/07/10;1
04/06/10;1
04/02/10;1
04/01/10;1
03/31/10;1
03/30/10;1
03/29/10;1
03/26/10;1
03/25/10;1
03/24/10;1
03/23/10;1
03/22/10;1
03/19/10;1
03/18/10;1
03/17/10;1
03/16/10;1
03/15/10;1
03/12/10;1
03/11/10;1
03/10/10;1
03/09/10;1
03/08/10;1
03/05/10;1
03/04/10;1
03/03/10;1
03/02/10;1
03/01/10;1
02/26/10;1
02/25/10;1
02/24/10;1
02/23/10;1
02/22/10;1
02/19/10;1
02/18/10;1
02/17/10;1
02/16/10;1
02/15/10;1
02/12/10;1
02/11/10;1
02/10/10;1
02/09/10;1
02/08/10;1
02/05/10;1
02/04/10;1
02/03/10;1
02/02/10;1
02/01/10;1
01/29/10;1
01/28/10;1
01/27/10;1
01/26/10;1
01/25/10;1
01/22/10;1
01/21/10;1
01/20/10;1
01/19/10;1
01/18/10;1
01/15/10;1
01/14/10;1
01/13/10;1
01/12/10;1
01/11/10;1
01/08/10;1
01/07/10;1
01/06/10;1
01/05/10;1
01/04/10;1
12/31/09;1
12/30/09;1
12/29/09;1
12/28/09;1
12/23/09;1
12/22/09;1
12/21/09;1
12/18/09;1
12/17/09;1
12/16/09;1.25
12/15/09;1.25
12/14/09;1.25
12/11/09;1.25
12/10/09;1.25
12/09/09;1.25
12/08/09;1.25
12/07/09;1.25
12/04/09;1.25
12/03/09;1.25
12/02/09;1.25
12/01/09;1.25
11/30/09;1.25
11/27/09;1.25
11/26/09;1.25
11/25/09;1.25
11/24/09;1.25
11/23/09;1.25
11/20/09;1.25
11/19/09;1.25
11/18/09;1.25
11/16/09;1.25
11/13/09;1.25
11/12/09;1.25
11/11/09;1.25
11/10/09;1.25
11/09/09;1.25
11/06/09;1.25
11/05/09;1.25
11/04/09;1.25
11/03/09;1.25
11/02/09;1.25
10/30/09;1.25
10/29/09;1.25
10/27/09;1.25
10/26/09;1.25
10/23/09;1.25
10/22/09;1.25
10/21/09;1.25
10/20/09;1.25
10/19/09;1.25
10/16/09;1.25
10/15/09;1.25
10/14/09;1.25
10/13/09;1.25
10/12/09;1.25
10/09/09;1.25
10/08/09;1.25
10/07/09;1.25
10/06/09;1.25
10/05/09;1.25
10/02/09;1.25
10/01/09;1.25
09/30/09;1.25
09/29/09;1.25
09/25/09;1.25
09/24/09;1.25
09/23/09;1.25
09/22/09;1.25
09/21/09;1.25
09/18/09;1.25
09/17/09;1.25
09/16/09;1.25
09/15/09;1.25
09/14/09;1.25
09/11/09;1.25
09/10/09;1.25
09/09/09;1.25
09/08/09;1.25
09/07/09;1.25
09/04/09;1.25
09/03/09;1.25
09/02/09;1.25
09/01/09;1.25
08/31/09;1.25
08/28/09;1.25
08/27/09;1.25
08/26/09;1.25
08/25/09;1.25
08/24/09;1.25
08/21/09;1.25
08/20/09;1.25
08/19/09;1.25
08/18/09;1.25
08/17/09;1.25
08/14/09;1.25
08/13/09;1.25
08/12/09;1.25
08/11/09;1.25
08/10/09;1.25
08/07/09;1.25
08/06/09;1.5
08/05/09;1.5
08/04/09;1.5
08/03/09;1.5
07/31/09;1.5
07/30/09;1.5
07/29/09;1.5
07/28/09;1.5
07/27/09;1.5
07/24/09;1.5
07/23/09;1.5
07/22/09;1.5
07/21/09;1.5
07/20/09;1.5
07/17/09;1.5
07/16/09;1.5
07/15/09;1.5
07/14/09;1.5
07/13/09;1.5
07/10/09;1.5
07/09/09;1.5
07/08/09;1.5
07/07/09;1.5
07/03/09;1.5
07/02/09;1.5
07/01/09;1.5
06/30/09;1.5
06/29/09;1.5
06/26/09;1.5
06/25/09;1.5
06/24/09;1.5
06/23/09;1.5
06/22/09;1.5
06/19/09;1.5
06/18/09;1.5
06/17/09;1.5
06/16/09;1.5
06/15/09;1.5
06/12/09;1.5
06/11/09;1.5
06/10/09;1.5
06/09/09;1.5
06/08/09;1.5
06/05/09;1.5
06/04/09;1.5
06/03/09;1.5
06/02/09;1.5
06/01/09;1.5
05/29/09;1.5
05/28/09;1.5
05/27/09;1.5
05/26/09;1.5
05/25/09;1.5
05/22/09;1.5
05/21/09;1.5
05/20/09;1.5
05/19/09;1.5
05/18/09;1.5
05/15/09;1.5
05/14/09;1.5
05/13/09;1.5
05/12/09;1.5
05/11/09;1.5
05/07/09;1.75
05/06/09;1.75
05/05/09;1.75
05/04/09;1.75
04/30/09;1.75
04/29/09;1.75
04/28/09;1.75
04/27/09;1.75
04/24/09;1.75
04/23/09;1.75
04/22/09;1.75
04/21/09;1.75
04/20/09;1.75
04/17/09;1.75
04/16/09;1.75
04/15/09;1.75
04/14/09;1.75
04/10/09;1.75
04/09/09;1.75
04/08/09;1.75
04/07/09;1.75
04/06/09;1.75
04/03/09;1.75
04/02/09;1.75
04/01/09;1.75
03/31/09;1.75
03/30/09;1.75
03/27/09;1.75
03/26/09;1.75
03/25/09;1.75
03/24/09;1.75
03/23/09;1.75
03/20/09;1.75
03/19/09;1.75
03/18/09;1.75
03/17/09;1.75
03/16/09;1.75
03/13/09;1.75
03/12/09;1.75
03/11/09;1.75
03/10/09;1.75
03/09/09;1.75
03/06/09;1.75
03/05/09;1.75
03/04/09;1.75
03/03/09;1.75
03/02/09;1.75
02/27/09;1.75
02/26/09;1.75
02/25/09;1.75
02/24/09;1.75
02/23/09;1.75
02/20/09;1.75
02/19/09;1.75
02/18/09;1.75
02/17/09;1.75
02/16/09;1.75
02/13/09;1.75
02/12/09;1.75
02/11/09;1.75
02/10/09;1.75
02/09/09;1.75
02/06/09;1.75
02/05/09;2.25
02/04/09;2.25
02/03/09;2.25
02/02/09;2.25
01/30/09;2.25
01/29/09;2.25
01/28/09;2.25
01/27/09;2.25
01/26/09;2.25
01/23/09;2.25
01/22/09;2.25
01/21/09;2.25
01/20/09;2.25
01/19/09;2.25
01/16/09;2.25
01/15/09;2.25
01/14/09;2.25
01/13/09;2.25
01/12/09;2.25
01/09/09;2.25
01/08/09;2.25
01/07/09;2.25
01/06/09;2.25
01/05/09;2.25
01/02/09;2.25
12/31/08;2.25
12/30/08;2.25
12/29/08;2.25
12/23/08;2.25
12/22/08;2.25
12/19/08;2.25
12/18/08;2.25
12/17/08;2.75
12/16/08;2.75
12/15/08;2.75
12/12/08;2.75
12/11/08;2.75
12/10/08;2.75
12/09/08;2.75
12/08/08;2.75
12/05/08;2.75
12/04/08;2.75
12/03/08;2.75
12/02/08;2.75
12/01/08;2.75
11/28/08;2.75
11/27/08;2.75
11/26/08;2.75
11/25/08;2.75
11/24/08;2.75
11/21/08;2.75
11/20/08;2.75
11/19/08;2.75
11/18/08;2.75
11/14/08;2.75
11/13/08;2.75
11/12/08;2.75
11/11/08;2.75
11/10/08;2.75
11/07/08;2.75
11/06/08;3.5
11/05/08;3.5
11/04/08;3.5
11/03/08;3.5
10/31/08;3.5
10/30/08;3.5
10/29/08;3.5
10/27/08;3.5
10/24/08;3.5
10/23/08;3.5
10/22/08;3.5
10/21/08;3.5
10/20/08;3.5
10/17/08;3.5
10/16/08;3.5
10/15/08;3.5
10/14/08;3.5
10/13/08;3.5
10/10/08;3.5
10/09/08;3.5
10/08/08;3.5
10/07/08;3.5
10/06/08;3.5
10/03/08;3.5
10/02/08;3.5
10/01/08;3.5
09/30/08;3.5
09/29/08;3.5
09/26/08;3.5
09/25/08;3.5
09/24/08;3.5
09/23/08;3.5
09/22/08;3.5
09/19/08;3.5
09/18/08;3.5
09/17/08;3.5
09/16/08;3.5
09/15/08;3.5
09/12/08;3.5
09/11/08;3.5
09/10/08;3.5
09/09/08;3.5
09/08/08;3.5
09/05/08;3.5
09/04/08;3.5
09/03/08;3.5
09/02/08;3.5
09/01/08;3.5
08/29/08;3.5
08/28/08;3.5
08/27/08;3.5
08/26/08;3.5
08/25/08;3.5
08/22/08;3.5
08/21/08;3.5
08/20/08;3.5
08/19/08;3.5
08/18/08;3.5
08/15/08;3.5
08/14/08;3.5
08/13/08;3.5
08/12/08;3.5
08/11/08;3.5
08/08/08;3.5
08/07/08;3.75
08/06/08;3.75
08/05/08;3.75
08/04/08;3.75
08/01/08;3.75
07/31/08;3.75
07/30/08;3.75
07/29/08;3.75
07/28/08;3.75
07/25/08;3.75
07/24/08;3.75
07/23/08;3.75
07/22/08;3.75
07/21/08;3.75
07/18/08;3.75
07/17/08;3.75
07/16/08;3.75
07/15/08;3.75
07/14/08;3.75
07/11/08;3.75
07/10/08;3.75
07/09/08;3.75
07/08/08;3.75
07/07/08;3.75
07/04/08;3.75
07/03/08;3.75
07/02/08;3.75
07/01/08;3.75
06/30/08;3.75
06/27/08;3.75
06/26/08;3.75
06/25/08;3.75
06/24/08;3.75
06/23/08;3.75
06/20/08;3.75
06/19/08;3.75
06/18/08;3.75
06/17/08;3.75
06/16/08;3.75
06/13/08;3.75
06/12/08;3.75
06/11/08;3.75
06/10/08;3.75
06/09/08;3.75
06/06/08;3.75
06/05/08;3.75
06/04/08;3.75
06/03/08;3.75
06/02/08;3.75
05/30/08;3.75
05/29/08;3.75
05/28/08;3.75
05/27/08;3.75
05/26/08;3.75
05/23/08;3.75
05/22/08;3.75
05/21/08;3.75
05/20/08;3.75
05/19/08;3.75
05/16/08;3.75
05/15/08;3.75
05/14/08;3.75
05/13/08;3.75
05/12/08;3.75
05/09/08;3.75
05/07/08;3.75
05/06/08;3.75
05/05/08;3.75
05/02/08;3.75
04/30/08;3.75
04/29/08;3.75
04/28/08;3.75
04/25/08;3.75
04/24/08;3.75
04/23/08;3.75
04/22/08;3.75
04/21/08;3.75
04/18/08;3.75
04/17/08;3.75
04/16/08;3.75
04/15/08;3.75
04/14/08;3.75
04/11/08;3.75
04/10/08;3.75
04/09/08;3.75
04/08/08;3.75
04/07/08;3.75
04/04/08;3.75
04/03/08;3.75
04/02/08;3.75
04/01/08;3.75
03/31/08;3.75
03/28/08;3.75
03/27/08;3.75
03/26/08;3.75
03/25/08;3.75
03/21/08;3.75
03/20/08;3.75
03/19/08;3.75
03/18/08;3.75
03/17/08;3.75
03/14/08;3.75
03/13/08;3.75
03/12/08;3.75
03/11/08;3.75
03/10/08;3.75
03/07/08;3.75
03/06/08;3.75
03/05/08;3.75
03/04/08;3.75
03/03/08;3.75
02/29/08;3.75
02/28/08;3.75
02/27/08;3.75
02/26/08;3.75
02/25/08;3.75
02/22/08;3.75
02/21/08;3.75
02/20/08;3.75
02/19/08;3.75
02/18/08;3.75
02/15/08;3.75
02/14/08;3.75
02/13/08;3.75
02/12/08;3.75
02/11/08;3.75
02/08/08;3.75
02/07/08;3.5
02/06/08;3.5
02/05/08;3.5
02/04/08;3.5
02/01/08;3.5
01/31/08;3.5
01/30/08;3.5
01/29/08;3.5
01/28/08;3.5
01/25/08;3.5
01/24/08;3.5
01/23/08;3.5
01/22/08;3.5
01/21/08;3.5
01/18/08;3.5
01/17/08;3.5
01/16/08;3.5
01/15/08;3.5
01/14/08;3.5
01/11/08;3.5
01/10/08;3.5
01/09/08;3.5
01/08/08;3.5
01/07/08;3.5
01/04/08;3.5
01/03/08;3.5
01/02/08;3.5
12/31/07;3.5
12/28/07;3.5
12/27/07;3.5
12/21/07;3.5
12/20/07;3.5
12/19/07;3.5
12/18/07;3.5
12/17/07;3.5
12/14/07;3.5
12/13/07;3.5
12/12/07;3.5
12/11/07;3.5
12/10/07;3.5
12/07/07;3.5
12/06/07;3.5
12/05/07;3.5
12/04/07;3.5
12/03/07;3.5
11/30/07;3.5
11/29/07;3.25
11/28/07;3.25
11/27/07;3.25
11/26/07;3.25
11/23/07;3.25
11/22/07;3.25
11/21/07;3.25
11/20/07;3.25
11/19/07;3.25
11/16/07;3.25
11/15/07;3.25
11/14/07;3.25
11/13/07;3.25
11/12/07;3.25
11/09/07;3.25
11/08/07;3.25
11/07/07;3.25
11/06/07;3.25
11/05/07;3.25
11/02/07;3.25
11/01/07;3.25
10/31/07;3.25
10/30/07;3.25
10/29/07;3.25
10/26/07;3.25
10/25/07;3.25
10/24/07;3.25
10/23/07;3.25
10/22/07;3.25
10/19/07;3.25
10/18/07;3.25
10/17/07;3.25
10/16/07;3.25
10/15/07;3.25
10/12/07;3.25
10/11/07;3.25
10/10/07;3.25
10/09/07;3.25
10/08/07;3.25
10/05/07;3.25
10/04/07;3.25
10/03/07;3.25
10/02/07;3.25
10/01/07;3.25
09/27/07;3.25
09/26/07;3.25
09/25/07;3.25
09/24/07;3.25
09/21/07;3.25
09/20/07;3.25
09/19/07;3.25
09/18/07;3.25
09/17/07;3.25
09/14/07;3.25
09/13/07;3.25
09/12/07;3.25
09/11/07;3.25
09/10/07;3.25
09/07/07;3.25
09/06/07;3.25
09/05/07;3.25
09/04/07;3.25
09/03/07;3.25
08/31/07;3.25
08/30/07;3
08/29/07;3
08/28/07;3
08/27/07;3
08/24/07;3
08/23/07;3
08/22/07;3
08/21/07;3
08/20/07;3
08/17/07;3
08/16/07;3
08/15/07;3
08/14/07;3
08/13/07;3
08/10/07;3
08/09/07;3
08/08/07;3
08/07/07;3
08/06/07;3
08/03/07;3
08/02/07;3
08/01/07;3
07/31/07;3
07/30/07;3
07/27/07;3
07/26/07;2.75
07/25/07;2.75
07/24/07;2.75
07/23/07;2.75
07/20/07;2.75
07/19/07;2.75
07/18/07;2.75
07/17/07;2.75
07/16/07;2.75
07/13/07;2.75
07/12/07;2.75
07/11/07;2.75
07/10/07;2.75
07/09/07;2.75
07/04/07;2.75
07/03/07;2.75
07/02/07;2.75
06/29/07;2.75
06/28/07;2.75
06/27/07;2.75
06/26/07;2.75
06/25/07;2.75
06/22/07;2.75
06/21/07;2.75
06/20/07;2.75
06/19/07;2.75
06/18/07;2.75
06/15/07;2.75
06/14/07;2.75
06/13/07;2.75
06/12/07;2.75
06/11/07;2.75
06/08/07;2.75
06/07/07;2.75
06/06/07;2.75
06/05/07;2.75
06/04/07;2.75
06/01/07;2.75
05/31/07;2.5
05/30/07;2.5
05/29/07;2.5
05/28/07;2.5
05/25/07;2.5
05/24/07;2.5
05/23/07;2.5
05/22/07;2.5
05/21/07;2.5
05/18/07;2.5
05/17/07;2.5
05/16/07;2.5
05/15/07;2.5
05/14/07;2.5
05/11/07;2.5
05/10/07;2.5
05/09/07;2.5
05/07/07;2.5
05/04/07;2.5
05/03/07;2.5
05/02/07;2.5
04/30/07;2.5
04/27/07;2.5
04/26/07;2.5
04/25/07;2.5
04/24/07;2.5
04/23/07;2.5
04/20/07;2.5
04/19/07;2.5
04/18/07;2.5
04/17/07;2.5
04/16/07;2.5
04/13/07;2.5
04/12/07;2.5
04/11/07;2.5
04/10/07;2.5
04/06/07;2.5
04/05/07;2.5
04/04/07;2.5
04/03/07;2.5
04/02/07;2.5
03/30/07;2.5
03/29/07;2.5
03/28/07;2.5
03/27/07;2.5
03/26/07;2.5
03/23/07;2.5
03/22/07;2.5
03/21/07;2.5
03/20/07;2.5
03/19/07;2.5
03/16/07;2.5
03/15/07;2.5
03/14/07;2.5
03/13/07;2.5
03/12/07;2.5
03/09/07;2.5
03/08/07;2.5
03/07/07;2.5
03/06/07;2.5
03/05/07;2.5
03/02/07;2.5
03/01/07;2.5
02/28/07;2.5
02/27/07;2.5
02/26/07;2.5
02/23/07;2.5
02/22/07;2.5
02/21/07;2.5
02/20/07;2.5
02/19/07;2.5
02/16/07;2.5
02/15/07;2.5
02/14/07;2.5
02/13/07;2.5
02/12/07;2.5
02/09/07;2.5
02/08/07;2.5
02/07/07;2.5
02/06/07;2.5
02/05/07;2.5
02/02/07;2.5
02/01/07;2.5
01/31/07;2.5
01/30/07;2.5
01/29/07;2.5
01/26/07;2.5
01/25/07;2.5
01/24/07;2.5
01/23/07;2.5
01/22/07;2.5
01/19/07;2.5
01/18/07;2.5
01/17/07;2.5
01/16/07;2.5
01/15/07;2.5
01/12/07;2.5
01/11/07;2.5
01/10/07;2.5
01/09/07;2.5
01/08/07;2.5
01/05/07;2.5
01/04/07;2.5
01/03/07;2.5
01/02/07;2.5
12/29/06;2.5
12/28/06;2.5
12/27/06;2.5
12/22/06;2.5
12/21/06;2.5
12/20/06;2.5
12/19/06;2.5
12/18/06;2.5
12/15/06;2.5
12/14/06;2.5
12/13/06;2.5
12/12/06;2.5
12/11/06;2.5
12/08/06;2.5
12/07/06;2.5
12/06/06;2.5
12/05/06;2.5
12/04/06;2.5
12/01/06;2.5
11/30/06;2.5
11/29/06;2.5
11/28/06;2.5
11/27/06;2.5
11/24/06;2.5
11/23/06;2.5
11/22/06;2.5
11/21/06;2.5
11/20/06;2.5
11/16/06;2.5
11/15/06;2.5
11/14/06;2.5
11/13/06;2.5
11/10/06;2.5
11/09/06;2.5
11/08/06;2.5
11/07/06;2.5
11/06/06;2.5
11/03/06;2.5
11/02/06;2.5
11/01/06;2.5
10/31/06;2.5
10/30/06;2.5
10/27/06;2.5
10/26/06;2.5
10/25/06;2.5
10/24/06;2.5
10/23/06;2.5
10/20/06;2.5
10/19/06;2.5
10/18/06;2.5
10/17/06;2.5
10/16/06;2.5
10/13/06;2.5
10/12/06;2.5
10/11/06;2.5
10/10/06;2.5
10/09/06;2.5
10/06/06;2.5
10/05/06;2.5
10/04/06;2.5
10/03/06;2.5
10/02/06;2.5
09/29/06;2.5
09/27/06;2.25
09/26/06;2.25
09/25/06;2.25
09/22/06;2.25
09/21/06;2.25
09/20/06;2.25
09/19/06;2.25
09/18/06;2.25
09/15/06;2.25
09/14/06;2.25
09/13/06;2.25
09/12/06;2.25
09/11/06;2.25
09/08/06;2.25
09/07/06;2.25
09/06/06;2.25
09/05/06;2.25
09/04/06;2.25
09/01/06;2.25
08/31/06;2.25
08/30/06;2.25
08/29/06;2.25
08/28/06;2.25
08/25/06;2.25
08/24/06;2.25
08/23/06;2.25
08/22/06;2.25
08/21/06;2.25
08/18/06;2.25
08/17/06;2.25
08/16/06;2.25
08/15/06;2.25
08/14/06;2.25
08/11/06;2.25
08/10/06;2.25
08/09/06;2.25
08/08/06;2.25
08/07/06;2.25
08/04/06;2.25
08/03/06;2.25
08/02/06;2.25
08/01/06;2.25
07/31/06;2.25
07/28/06;2.25
07/27/06;2
07/26/06;2
07/25/06;2
07/24/06;2
07/21/06;2
07/20/06;2
07/19/06;2
07/18/06;2
07/17/06;2
07/14/06;2
07/13/06;2
07/12/06;2
07/11/06;2
07/10/06;2
07/07/06;2
07/04/06;2
07/03/06;2
06/30/06;2
06/29/06;2
06/28/06;2
06/27/06;2
06/26/06;2
06/23/06;2
06/22/06;2
06/21/06;2
06/20/06;2
06/19/06;2
06/16/06;2
06/15/06;2
06/14/06;2
06/13/06;2
06/12/06;2
06/09/06;2
06/08/06;2
06/07/06;2
06/06/06;2
06/05/06;2
06/02/06;2
06/01/06;2
05/31/06;2
05/30/06;2
05/29/06;2
05/26/06;2
05/25/06;2
05/24/06;2
05/23/06;2
05/22/06;2
05/19/06;2
05/18/06;2
05/17/06;2
05/16/06;2
05/15/06;2
05/12/06;2
05/11/06;2
05/10/06;2
05/09/06;2
05/05/06;2
05/04/06;2
05/03/06;2
05/02/06;2
04/28/06;2
04/27/06;2
04/26/06;2
04/25/06;2
04/24/06;2
04/21/06;2
04/20/06;2
04/19/06;2
04/18/06;2
04/14/06;2
04/13/06;2
04/12/06;2
04/11/06;2
04/10/06;2
04/07/06;2
04/06/06;2
04/05/06;2
04/04/06;2
04/03/06;2
03/31/06;2
03/30/06;2
03/29/06;2
03/28/06;2
03/27/06;2
03/24/06;2
03/23/06;2
03/22/06;2
03/21/06;2
03/20/06;2
03/17/06;2
03/16/06;2
03/15/06;2
03/14/06;2
03/13/06;2
03/10/06;2
03/09/06;2
03/08/06;2
03/07/06;2
03/06/06;2
03/03/06;2
03/02/06;2
03/01/06;2
02/28/06;2
02/27/06;2
02/24/06;2
02/23/06;2
02/22/06;2
02/21/06;2
02/20/06;2
02/17/06;2
02/16/06;2
02/15/06;2
02/14/06;2
02/13/06;2
02/10/06;2
02/09/06;2
02/08/06;2
02/07/06;2
02/06/06;2
02/03/06;2
02/02/06;2
02/01/06;2
01/31/06;2
01/30/06;2
01/27/06;2
01/26/06;2
01/25/06;2
01/24/06;2
01/23/06;2
01/20/06;2
01/19/06;2
01/18/06;2
01/17/06;2
01/16/06;2
01/13/06;2
01/12/06;2
01/11/06;2
01/10/06;2
01/09/06;2
01/06/06;2
01/05/06;2
01/04/06;2
01/03/06;2
01/02/06;2
12/30/05;2
12/29/05;2
12/28/05;2
12/27/05;2
12/23/05;2
12/22/05;2
12/21/05;2
12/20/05;2
12/19/05;2
12/16/05;2
12/15/05;2
12/14/05;2
12/13/05;2
12/12/05;2
12/09/05;2
12/08/05;2
12/07/05;2
12/06/05;2
12/05/05;2
12/02/05;2
12/01/05;2
11/30/05;2
11/29/05;2
11/28/05;2
11/25/05;2
11/24/05;2
11/23/05;2
11/22/05;2
11/21/05;2
11/18/05;2
11/16/05;2
11/15/05;2
11/14/05;2
11/11/05;2
11/10/05;2
11/09/05;2
11/08/05;2
11/07/05;2
11/04/05;2
11/03/05;2
11/02/05;2
11/01/05;2
10/31/05;2
10/27/05;1.75
10/26/05;1.75
10/25/05;1.75
10/24/05;1.75
10/21/05;1.75
10/20/05;1.75
10/19/05;1.75
10/18/05;1.75
10/17/05;1.75
10/14/05;1.75
10/13/05;1.75
10/12/05;1.75
10/11/05;1.75
10/10/05;1.75
10/07/05;1.75
10/06/05;1.75
10/05/05;1.75
10/04/05;1.75
10/03/05;1.75
09/30/05;1.75
09/29/05;1.75
09/27/05;1.75
09/26/05;1.75
09/23/05;1.75
09/22/05;1.75
09/21/05;1.75
09/20/05;1.75
09/19/05;1.75
09/16/05;1.75
09/15/05;1.75
09/14/05;1.75
09/13/05;1.75
09/12/05;1.75
09/09/05;1.75
09/08/05;1.75
09/07/05;1.75
09/06/05;1.75
09/05/05;1.75
09/02/05;1.75
09/01/05;1.75
08/31/05;1.75
08/30/05;1.75
08/29/05;1.75
08/26/05;1.75
08/25/05;1.75
08/24/05;1.75
08/23/05;1.75
08/22/05;1.75
08/19/05;1.75
08/18/05;1.75
08/17/05;1.75
08/16/05;1.75
08/15/05;1.75
08/12/05;1.75
08/11/05;1.75
08/10/05;1.75
08/09/05;1.75
08/08/05;1.75
08/05/05;1.75
08/04/05;1.75
08/03/05;1.75
08/02/05;1.75
08/01/05;1.75
07/29/05;1.75
07/28/05;1.75
07/27/05;1.75
07/26/05;1.75
07/25/05;1.75
07/22/05;1.75
07/21/05;1.75
07/20/05;1.75
07/19/05;1.75
07/18/05;1.75
07/15/05;1.75
07/14/05;1.75
07/13/05;1.75
07/12/05;1.75
07/11/05;1.75
07/08/05;1.75
07/07/05;1.75
07/04/05;1.75
07/01/05;1.75
06/30/05;1.75
06/29/05;1.75
06/28/05;1.75
06/27/05;1.75
06/24/05;1.75
06/23/05;1.75
06/22/05;1.75
06/21/05;1.75
06/20/05;1.75
06/17/05;1.75
06/16/05;1.75
06/15/05;1.75
06/14/05;1.75
06/13/05;1.75
06/10/05;1.75
06/09/05;1.75
06/08/05;1.75
06/07/05;1.75
06/06/05;1.75
06/03/05;1.75
06/02/05;1.75
06/01/05;1.75
05/31/05;1.75
05/30/05;1.75
05/27/05;1.75
05/26/05;1.75
05/25/05;1.75
05/24/05;1.75
05/23/05;1.75
05/20/05;1.75
05/19/05;1.75
05/18/05;1.75
05/17/05;1.75
05/16/05;1.75
05/13/05;1.75
05/12/05;1.75
05/11/05;1.75
05/10/05;1.75
05/09/05;1.75
05/06/05;1.75
05/05/05;1.75
05/04/05;1.75
05/03/05;1.75
05/02/05;1.75
04/29/05;1.75
04/28/05;2
04/27/05;2
04/26/05;2
04/25/05;2
04/22/05;2
04/21/05;2
04/20/05;2
04/19/05;2
04/18/05;2
04/15/05;2
04/14/05;2
04/13/05;2
04/12/05;2
04/11/05;2
04/08/05;2
04/07/05;2
04/06/05;2
04/05/05;2
04/04/05;2
04/01/05;2
03/31/05;2.25
03/30/05;2.25
03/29/05;2.25
03/25/05;2.25
03/24/05;2.25
03/23/05;2.25
03/22/05;2.25
03/21/05;2.25
03/18/05;2.25
03/17/05;2.25
03/16/05;2.25
03/15/05;2.25
03/14/05;2.25
03/11/05;2.25
03/10/05;2.25
03/09/05;2.25
03/08/05;2.25
03/07/05;2.25
03/04/05;2.25
03/03/05;2.25
03/02/05;2.25
03/01/05;2.25
02/28/05;2.25
02/25/05;2.25
02/24/05;2.25
02/23/05;2.25
02/22/05;2.25
02/21/05;2.25
02/18/05;2.25
02/17/05;2.25
02/16/05;2.25
02/15/05;2.25
02/14/05;2.25
02/11/05;2.25
02/10/05;2.25
02/09/05;2.25
02/08/05;2.25
02/07/05;2.25
02/04/05;2.25
02/03/05;2.25
02/02/05;2.25
02/01/05;2.25
01/31/05;2.25
01/28/05;2.25
01/27/05;2.5
01/26/05;2.5
01/25/05;2.5
01/24/05;2.5
01/21/05;2.5
01/20/05;2.5
01/19/05;2.5
01/18/05;2.5
01/17/05;2.5
01/14/05;2.5
01/13/05;2.5
01/12/05;2.5
01/11/05;2.5
01/10/05;2.5
01/07/05;2.5
01/06/05;2.5
01/05/05;2.5
01/04/05;2.5
01/03/05;2.5
